ang_frequency,study_id,instance,mw_phbv,additive1_type,additive1_percentage_wt,additive2_type,additive2_percentage_wt,hb_ratio_mol,texp,strain_fixed,complex_viscosity,log_complex_viscosity,log_ang_frequency,log_mw
0.102983099197286,6,1,117869.0,no_additive,0.0,no_additive,0.0,100.0,175.0,1.0,762.852328496103,2.882440476190476,-0.9872340425531951,5.07139959899491
0.129014432943116,6,1,117869.0,no_additive,0.0,no_additive,0.0,100.0,175.0,1.0,600.169345603275,2.778273809523809,-0.8893617021276612,5.07139959899491
0.166447239076338,6,1,117869.0,no_additive,0.0,no_additive,0.0,100.0,175.0,1.0,560.417779172972,2.7485119047619047,-0.7787234042553216,5.07139959899491
0.218990629460591,6,1,117869.0,no_additive,0.0,no_additive,0.0,100.0,175.0,1.0,497.082611643738,2.6964285714285703,-0.6595744680851073,5.07139959899491
0.279774746328854,6,1,117869.0,no_additive,0.0,no_additive,0.0,100.0,175.0,1.0,426.05364554309,2.6294642857142847,-0.553191489361703,5.07139959899491
0.360949802494214,6,1,117869.0,no_additive,0.0,no_additive,0.0,100.0,175.0,1.0,418.816525457296,2.6220238095238084,-0.442553191489362,5.07139959899491
0.452188120698428,6,1,117869.0,no_additive,0.0,no_additive,0.0,100.0,175.0,1.0,384.433679675769,2.5848214285714284,-0.3446808510638298,5.07139959899491
0.60670660559262,6,1,117869.0,no_additive,0.0,no_additive,0.0,100.0,175.0,1.0,352.873502084675,2.5476190476190474,-0.21702127659574497,5.07139959899491
0.775107076927515,6,1,117869.0,no_additive,0.0,no_additive,0.0,100.0,175.0,1.0,312.993785198923,2.495535714285714,-0.11063829787234089,5.07139959899491
0.990249611863506,6,1,117869.0,no_additive,0.0,no_additive,0.0,100.0,175.0,1.0,312.993785198923,2.495535714285714,-0.004255319148936439,5.07139959899491
1.27756492146711,6,1,117869.0,no_additive,0.0,no_additive,0.0,100.0,175.0,1.0,292.262980908842,2.4657738095238084,0.10638297872340267,5.07139959899491
1.60049867576173,6,1,117869.0,no_additive,0.0,no_additive,0.0,100.0,175.0,1.0,297.313264651013,2.473214285714285,0.2042553191489351,5.07139959899491
2.16855385825095,6,1,117869.0,no_additive,0.0,no_additive,0.0,100.0,175.0,1.0,297.313264651013,2.473214285714285,0.33617021276595604,5.07139959899491
2.79774746328854,6,1,117869.0,no_additive,0.0,no_additive,0.0,100.0,175.0,1.0,272.905258982811,2.436011904761904,0.446808510638297,5.07139959899491
3.57430401822105,6,1,117869.0,no_additive,0.0,no_additive,0.0,100.0,175.0,1.0,272.905258982811,2.436011904761904,0.553191489361702,5.07139959899491
4.70262583613511,6,1,117869.0,no_additive,0.0,no_additive,0.0,100.0,175.0,1.0,259.233113644868,2.4136904761904754,0.6723404255319146,5.07139959899491
6.12680478057331,6,1,117869.0,no_additive,0.0,no_additive,0.0,100.0,175.0,1.0,254.829674797934,2.4062499999999987,0.787234042553191,5.07139959899491
7.75107076927515,6,1,117869.0,no_additive,0.0,no_additive,0.0,100.0,175.0,1.0,254.829674797934,2.4062499999999987,0.8893617021276591,5.07139959899491
10.2983099197286,6,1,117869.0,no_additive,0.0,no_additive,0.0,100.0,175.0,1.0,246.245922341298,2.3913690476190474,1.0127659574468049,5.07139959899491
13.0284759920612,6,1,117869.0,no_additive,0.0,no_additive,0.0,100.0,175.0,1.0,237.951307349892,2.376488095238093,1.1148936170212758,5.07139959899491
16.6447239076338,6,1,117869.0,no_additive,0.0,no_additive,0.0,100.0,175.0,1.0,226.030302714191,2.3541666666666647,1.2212765957446785,5.07139959899491
21.8990629460591,6,1,117869.0,no_additive,0.0,no_additive,0.0,100.0,175.0,1.0,222.190860285091,2.346726190476189,1.3404255319148928,5.07139959899491
27.7046833961359,6,1,117869.0,no_additive,0.0,no_additive,0.0,100.0,175.0,1.0,218.416636182868,2.3392857142857144,1.4425531914893612,5.07139959899491
35.0494212455905,6,1,117869.0,no_additive,0.0,no_additive,0.0,100.0,175.0,1.0,207.474289358012,2.316964285714284,1.5446808510638295,5.07139959899491
45.6640543233816,6,1,117869.0,no_additive,0.0,no_additive,0.0,100.0,175.0,1.0,193.732454563526,2.287202380952379,1.6595744680851054,5.07139959899491
59.4933035452358,6,1,117869.0,no_additive,0.0,no_additive,0.0,100.0,175.0,1.0,184.026748321948,2.2648809523809508,1.774468085106383,5.07139959899491
77.5107076927516,6,1,117869.0,no_additive,0.0,no_additive,0.0,100.0,175.0,1.0,171.837936006785,2.2351190476190466,1.8893617021276596,5.07139959899491
99.0249611863506,6,1,117869.0,no_additive,0.0,no_additive,0.0,100.0,175.0,1.0,157.730858339097,2.197916666666666,1.9957446808510635,5.07139959899491
129.014432943116,6,1,117869.0,no_additive,0.0,no_additive,0.0,100.0,175.0,1.0,155.051577983262,2.1904761904761894,2.110638297872339,5.07139959899491
163.217212856327,6,1,117869.0,no_additive,0.0,no_additive,0.0,100.0,175.0,1.0,142.322580510777,2.1532738095238093,2.2127659574468073,5.07139959899491
212.647153918981,6,1,117869.0,no_additive,0.0,no_additive,0.0,100.0,175.0,1.0,124.093776075171,2.0937499999999964,2.3276595744680852,5.07139959899491
277.046833961359,6,1,117869.0,no_additive,0.0,no_additive,0.0,100.0,175.0,1.0,111.971408907037,2.0491071428571423,2.4425531914893615,5.07139959899491
364.50385657305,6,1,117869.0,no_additive,0.0,no_additive,0.0,100.0,175.0,1.0,101.033241224217,2.0044642857142825,2.5617021276595744,5.07139959899491
465.677340897209,6,1,117869.0,no_additive,0.0,no_additive,0.0,100.0,175.0,1.0,85.1254702016064,1.9300595238095237,2.6680851063829785,5.07139959899491
594.933035452358,6,1,117869.0,no_additive,0.0,no_additive,0.0,100.0,175.0,1.0,71.7223914549386,1.8556547619047619,2.774468085106383,5.07139959899491
0.102983099197286,6,2,117869.0,reinforcment_and_stiffening_modifiers,5.0,no_additive,0.0,100.0,175.0,1.0,13335.2143216332,4.124999999999999,-0.9872340425531951,5.07139959899491
0.129014432943116,6,2,117869.0,reinforcment_and_stiffening_modifiers,5.0,no_additive,0.0,100.0,175.0,1.0,13335.2143216332,4.124999999999999,-0.8893617021276612,5.07139959899491
0.166447239076338,6,2,117869.0,reinforcment_and_stiffening_modifiers,5.0,no_additive,0.0,100.0,175.0,1.0,11828.1457301526,4.072916666666663,-0.7787234042553216,5.07139959899491
0.218990629460591,6,2,117869.0,reinforcment_and_stiffening_modifiers,5.0,no_additive,0.0,100.0,175.0,1.0,10138.0021958166,4.005952380952379,-0.6595744680851073,5.07139959899491
0.279774746328854,6,2,117869.0,reinforcment_and_stiffening_modifiers,5.0,no_additive,0.0,100.0,175.0,1.0,8689.36609906447,3.9389880952380945,-0.553191489361703,5.07139959899491
0.360949802494214,6,2,117869.0,reinforcment_and_stiffening_modifiers,5.0,no_additive,0.0,100.0,175.0,1.0,7196.85673001151,3.8571428571428563,-0.442553191489362,5.07139959899491
0.452188120698428,6,2,117869.0,reinforcment_and_stiffening_modifiers,5.0,no_additive,0.0,100.0,175.0,1.0,6168.48583001798,3.790178571428571,-0.3446808510638298,5.07139959899491
0.60670660559262,6,2,117869.0,reinforcment_and_stiffening_modifiers,5.0,no_additive,0.0,100.0,175.0,1.0,5108.96977450692,3.7083333333333326,-0.21702127659574497,5.07139959899491
0.775107076927515,6,2,117869.0,reinforcment_and_stiffening_modifiers,5.0,no_additive,0.0,100.0,175.0,1.0,4231.43910452157,3.626488095238094,-0.11063829787234089,5.07139959899491
0.990249611863506,6,2,117869.0,reinforcment_and_stiffening_modifiers,5.0,no_additive,0.0,100.0,175.0,1.0,3626.80169079641,3.5595238095238084,-0.004255319148936439,5.07139959899491
1.27756492146711,6,2,117869.0,reinforcment_and_stiffening_modifiers,5.0,no_additive,0.0,100.0,175.0,1.0,3162.27766016837,3.4999999999999987,0.10638297872340267,5.07139959899491
1.60049867576173,6,2,117869.0,reinforcment_and_stiffening_modifiers,5.0,no_additive,0.0,100.0,175.0,1.0,2619.1161704187,3.4181547619047614,0.2042553191489351,5.07139959899491
2.16855385825095,6,2,117869.0,reinforcment_and_stiffening_modifiers,5.0,no_additive,0.0,100.0,175.0,1.0,2363.26217936453,3.3735119047619033,0.33617021276595604,5.07139959899491
2.79774746328854,6,2,117869.0,reinforcment_and_stiffening_modifiers,5.0,no_additive,0.0,100.0,175.0,1.0,1991.16450972432,3.299107142857141,0.446808510638297,5.07139959899491
3.57430401822105,6,2,117869.0,reinforcment_and_stiffening_modifiers,5.0,no_additive,0.0,100.0,175.0,1.0,1766.13464363449,3.247023809523807,0.553191489361702,5.07139959899491
4.70262583613511,6,2,117869.0,reinforcment_and_stiffening_modifiers,5.0,no_additive,0.0,100.0,175.0,1.0,1539.92652605949,3.1874999999999996,0.6723404255319146,5.07139959899491
6.12680478057331,6,2,117869.0,reinforcment_and_stiffening_modifiers,5.0,no_additive,0.0,100.0,175.0,1.0,1342.69134814186,3.12797619047619,0.787234042553191,5.07139959899491
7.75107076927515,6,2,117869.0,reinforcment_and_stiffening_modifiers,5.0,no_additive,0.0,100.0,175.0,1.0,1232.46277130873,3.090773809523808,0.8893617021276591,5.07139959899491
10.2983099197286,6,2,117869.0,reinforcment_and_stiffening_modifiers,5.0,no_additive,0.0,100.0,175.0,1.0,1074.60782832131,3.031249999999997,1.0127659574468049,5.07139959899491
13.0284759920612,6,2,117869.0,reinforcment_and_stiffening_modifiers,5.0,no_additive,0.0,100.0,175.0,1.0,969.632453498555,2.9866071428571423,1.1148936170212758,5.07139959899491
16.6447239076338,6,2,117869.0,reinforcment_and_stiffening_modifiers,5.0,no_additive,0.0,100.0,175.0,1.0,860.050216520385,2.934523809523809,1.2212765957446785,5.07139959899491
21.8990629460591,6,2,117869.0,reinforcment_and_stiffening_modifiers,5.0,no_additive,0.0,100.0,175.0,1.0,762.852328496103,2.882440476190476,1.3404255319148928,5.07139959899491
27.7046833961359,6,2,117869.0,reinforcment_and_stiffening_modifiers,5.0,no_additive,0.0,100.0,175.0,1.0,712.325630931696,2.852678571428571,1.4425531914893612,5.07139959899491
35.0494212455905,6,2,117869.0,reinforcment_and_stiffening_modifiers,5.0,no_additive,0.0,100.0,175.0,1.0,621.090321860416,2.7931547619047614,1.5446808510638295,5.07139959899491
45.6640543233816,6,2,117869.0,reinforcment_and_stiffening_modifiers,5.0,no_additive,0.0,100.0,175.0,1.0,579.953077231842,2.7633928571428568,1.6595744680851054,5.07139959899491
59.4933035452358,6,2,117869.0,reinforcment_and_stiffening_modifiers,5.0,no_additive,0.0,100.0,175.0,1.0,505.672164190878,2.703869047619047,1.774468085106383,5.07139959899491
77.5107076927516,6,2,117869.0,reinforcment_and_stiffening_modifiers,5.0,no_additive,0.0,100.0,175.0,1.0,456.274492245479,2.6592261904761902,1.8893617021276596,5.07139959899491
99.0249611863506,6,2,117869.0,reinforcment_and_stiffening_modifiers,5.0,no_additive,0.0,100.0,175.0,1.0,418.816525457296,2.6220238095238084,1.9957446808510635,5.07139959899491
129.014432943116,6,2,117869.0,reinforcment_and_stiffening_modifiers,5.0,no_additive,0.0,100.0,175.0,1.0,384.433679675769,2.5848214285714284,2.110638297872339,5.07139959899491
163.217212856327,6,2,117869.0,reinforcment_and_stiffening_modifiers,5.0,no_additive,0.0,100.0,175.0,1.0,329.50130794918,2.517857142857143,2.2127659574468073,5.07139959899491
212.647153918981,6,2,117869.0,reinforcment_and_stiffening_modifiers,5.0,no_additive,0.0,100.0,175.0,1.0,292.262980908842,2.4657738095238084,2.3276595744680852,5.07139959899491
277.046833961359,6,2,117869.0,reinforcment_and_stiffening_modifiers,5.0,no_additive,0.0,100.0,175.0,1.0,250.50103454986,2.398809523809523,2.4425531914893615,5.07139959899491
364.50385657305,6,2,117869.0,reinforcment_and_stiffening_modifiers,5.0,no_additive,0.0,100.0,175.0,1.0,222.190860285091,2.346726190476189,2.5617021276595744,5.07139959899491
465.677340897209,6,2,117869.0,reinforcment_and_stiffening_modifiers,5.0,no_additive,0.0,100.0,175.0,1.0,197.080137744511,2.294642857142856,2.6680851063829785,5.07139959899491
594.933035452358,6,2,117869.0,reinforcment_and_stiffening_modifiers,5.0,no_additive,0.0,100.0,175.0,1.0,155.0,2.1903316981702914,2.774468085106383,5.07139959899491
0.102983099197286,6,3,117869.0,reinforcment_and_stiffening_modifiers,7.0,no_additive,0.0,100.0,175.0,1.0,89308.5127499143,4.950892857142857,-0.9872340425531951,5.07139959899491
0.129014432943116,6,3,117869.0,reinforcment_and_stiffening_modifiers,7.0,no_additive,0.0,100.0,175.0,1.0,71477.0576794184,4.854166666666666,-0.8893617021276612,5.07139959899491
0.166447239076338,6,3,117869.0,reinforcment_and_stiffening_modifiers,7.0,no_additive,0.0,100.0,175.0,1.0,57205.8543715008,4.757440476190476,-0.7787234042553216,5.07139959899491
0.218990629460591,6,3,117869.0,reinforcment_and_stiffening_modifiers,7.0,no_additive,0.0,100.0,175.0,1.0,46575.2035835557,4.668154761904762,-0.6595744680851073,5.07139959899491
0.279774746328854,6,3,117869.0,reinforcment_and_stiffening_modifiers,7.0,no_additive,0.0,100.0,175.0,1.0,38575.3187908675,4.586309523809523,-0.553191489361703,5.07139959899491
0.360949802494214,6,3,117869.0,reinforcment_and_stiffening_modifiers,7.0,no_additive,0.0,100.0,175.0,1.0,31406.8087213166,4.497023809523809,-0.442553191489362,5.07139959899491
0.452188120698428,6,3,117869.0,reinforcment_and_stiffening_modifiers,7.0,no_additive,0.0,100.0,175.0,1.0,25136.0840011543,4.400297619047618,-0.3446808510638298,5.07139959899491
0.60670660559262,6,3,117869.0,reinforcment_and_stiffening_modifiers,7.0,no_additive,0.0,100.0,175.0,1.0,22680.6116231803,4.35565476190476,-0.21702127659574497,5.07139959899491
0.775107076927515,6,3,117869.0,reinforcment_and_stiffening_modifiers,7.0,no_additive,0.0,100.0,175.0,1.0,18784.9275240729,4.273809523809522,-0.11063829787234089,5.07139959899491
0.990249611863506,6,3,117869.0,reinforcment_and_stiffening_modifiers,7.0,no_additive,0.0,100.0,175.0,1.0,16378.9370695406,4.2142857142857135,-0.004255319148936439,5.07139959899491
1.27756492146711,6,3,117869.0,reinforcment_and_stiffening_modifiers,7.0,no_additive,0.0,100.0,175.0,1.0,13335.2143216332,4.124999999999999,0.10638297872340267,5.07139959899491
1.60049867576173,6,3,117869.0,reinforcment_and_stiffening_modifiers,7.0,no_additive,0.0,100.0,175.0,1.0,11828.1457301526,4.072916666666663,0.2042553191489351,5.07139959899491
2.16855385825095,6,3,117869.0,reinforcment_and_stiffening_modifiers,7.0,no_additive,0.0,100.0,175.0,1.0,9796.51095731496,3.9910714285714284,0.33617021276595604,5.07139959899491
2.79774746328854,6,3,117869.0,reinforcment_and_stiffening_modifiers,7.0,no_additive,0.0,100.0,175.0,1.0,8396.67111501836,3.9241071428571423,0.446808510638297,5.07139959899491
3.57430401822105,6,3,117869.0,reinforcment_and_stiffening_modifiers,7.0,no_additive,0.0,100.0,175.0,1.0,7196.85673001151,3.8571428571428563,0.553191489361702,5.07139959899491
4.70262583613511,6,3,117869.0,reinforcment_and_stiffening_modifiers,7.0,no_additive,0.0,100.0,175.0,1.0,6063.70542697166,3.782738095238095,0.6723404255319146,5.07139959899491
6.12680478057331,6,3,117869.0,reinforcment_and_stiffening_modifiers,7.0,no_additive,0.0,100.0,175.0,1.0,5287.0605686035,3.7232142857142856,0.787234042553191,5.07139959899491
7.75107076927515,6,3,117869.0,reinforcment_and_stiffening_modifiers,7.0,no_additive,0.0,100.0,175.0,1.0,4689.54764290035,3.671130952380952,0.8893617021276591,5.07139959899491
10.2983099197286,6,3,117869.0,reinforcment_and_stiffening_modifiers,7.0,no_additive,0.0,100.0,175.0,1.0,4019.45033361512,3.604166666666666,1.0127659574468049,5.07139959899491
13.0284759920612,6,3,117869.0,reinforcment_and_stiffening_modifiers,7.0,no_additive,0.0,100.0,175.0,1.0,3565.19536577554,3.552083333333332,1.1148936170212758,5.07139959899491
16.6447239076338,6,3,117869.0,reinforcment_and_stiffening_modifiers,7.0,no_additive,0.0,100.0,175.0,1.0,3003.85227866455,3.477678571428571,1.2212765957446785,5.07139959899491
21.8990629460591,6,3,117869.0,reinforcment_and_stiffening_modifiers,7.0,no_additive,0.0,100.0,175.0,1.0,2619.1161704187,3.4181547619047614,1.3404255319148928,5.07139959899491
27.7046833961359,6,3,117869.0,reinforcment_and_stiffening_modifiers,7.0,no_additive,0.0,100.0,175.0,1.0,2323.11884914029,3.3660714285714266,1.4425531914893612,5.07139959899491
35.0494212455905,6,3,117869.0,reinforcment_and_stiffening_modifiers,7.0,no_additive,0.0,100.0,175.0,1.0,1991.16450972432,3.299107142857141,1.5446808510638295,5.07139959899491
45.6640543233816,6,3,117869.0,reinforcment_and_stiffening_modifiers,7.0,no_additive,0.0,100.0,175.0,1.0,1736.13436400452,3.2395833333333326,1.6595744680851054,5.07139959899491
59.4933035452358,6,3,117869.0,reinforcment_and_stiffening_modifiers,7.0,no_additive,0.0,100.0,175.0,1.0,1539.92652605949,3.1874999999999996,1.774468085106383,5.07139959899491
77.5107076927516,6,3,117869.0,reinforcment_and_stiffening_modifiers,7.0,no_additive,0.0,100.0,175.0,1.0,1297.46376557222,3.113095238095236,1.8893617021276596,5.07139959899491
99.0249611863506,6,3,117869.0,reinforcment_and_stiffening_modifiers,7.0,no_additive,0.0,100.0,175.0,1.0,1170.71822964712,3.0684523809523796,1.9957446808510635,5.07139959899491
129.014432943116,6,3,117869.0,reinforcment_and_stiffening_modifiers,7.0,no_additive,0.0,100.0,175.0,1.0,1020.77158322709,3.0089285714285685,2.110638297872339,5.07139959899491
163.217212856327,6,3,117869.0,reinforcment_and_stiffening_modifiers,7.0,no_additive,0.0,100.0,175.0,1.0,874.911823736039,2.9419642857142856,2.2127659574468073,5.07139959899491
212.647153918981,6,3,117869.0,reinforcment_and_stiffening_modifiers,7.0,no_additive,0.0,100.0,175.0,1.0,762.852328496103,2.882440476190476,2.3276595744680852,5.07139959899491
277.046833961359,6,3,117869.0,reinforcment_and_stiffening_modifiers,7.0,no_additive,0.0,100.0,175.0,1.0,631.822718913088,2.8005952380952377,2.4425531914893615,5.07139959899491
364.50385657305,6,3,117869.0,reinforcment_and_stiffening_modifiers,7.0,no_additive,0.0,100.0,175.0,1.0,550.898295397827,2.7410714285714284,2.5617021276595744,5.07139959899491
465.677340897209,6,3,117869.0,reinforcment_and_stiffening_modifiers,7.0,no_additive,0.0,100.0,175.0,1.0,472.179516200695,2.6741071428571423,2.6680851063829785,5.07139959899491
594.933035452358,6,3,117869.0,reinforcment_and_stiffening_modifiers,7.0,no_additive,0.0,100.0,175.0,1.0,358.971131367313,2.5550595238095224,2.774468085106383,5.07139959899491
0.102983099197286,6,4,117869.0,reinforcment_and_stiffening_modifiers,9.0,no_additive,0.0,100.0,175.0,1.0,249644.170140697,5.397321428571427,-0.9872340425531951,5.07139959899491
0.129014432943116,6,4,117869.0,reinforcment_and_stiffening_modifiers,9.0,no_additive,0.0,100.0,175.0,1.0,186566.357857691,5.270833333333333,-0.8893617021276612,5.07139959899491
0.166447239076338,6,4,117869.0,reinforcment_and_stiffening_modifiers,9.0,no_additive,0.0,100.0,175.0,1.0,141835.751567818,5.151785714285713,-0.7787234042553216,5.07139959899491
0.218990629460591,6,4,117869.0,reinforcment_and_stiffening_modifiers,9.0,no_additive,0.0,100.0,175.0,1.0,117473.653611739,5.069940476190473,-0.6595744680851073,5.07139959899491
0.279774746328854,6,4,117869.0,reinforcment_and_stiffening_modifiers,9.0,no_additive,0.0,100.0,175.0,1.0,97296.0564621293,4.988095238095237,-0.553191489361703,5.07139959899491
0.360949802494214,6,4,117869.0,reinforcment_and_stiffening_modifiers,9.0,no_additive,0.0,100.0,175.0,1.0,79215.3825406091,4.898809523809524,-0.442553191489362,5.07139959899491
0.452188120698428,6,4,117869.0,reinforcment_and_stiffening_modifiers,9.0,no_additive,0.0,100.0,175.0,1.0,65609.1310296154,4.816964285714286,-0.3446808510638298,5.07139959899491
0.60670660559262,6,4,117869.0,reinforcment_and_stiffening_modifiers,9.0,no_additive,0.0,100.0,175.0,1.0,53416.8865794767,4.727678571428571,-0.21702127659574497,5.07139959899491
0.775107076927515,6,4,117869.0,reinforcment_and_stiffening_modifiers,9.0,no_additive,0.0,100.0,175.0,1.0,45006.3516886745,4.653273809523808,-0.11063829787234089,5.07139959899491
0.990249611863506,6,4,117869.0,reinforcment_and_stiffening_modifiers,9.0,no_additive,0.0,100.0,175.0,1.0,37920.062774735,4.578869047619047,-0.004255319148936439,5.07139959899491
1.27756492146711,6,4,117869.0,reinforcment_and_stiffening_modifiers,9.0,no_additive,0.0,100.0,175.0,1.0,30873.3199257026,4.489583333333333,0.10638297872340267,5.07139959899491
1.60049867576173,6,4,117869.0,reinforcment_and_stiffening_modifiers,9.0,no_additive,0.0,100.0,175.0,1.0,26012.2890596733,4.415178571428569,0.2042553191489351,5.07139959899491
2.16855385825095,6,4,117869.0,reinforcment_and_stiffening_modifiers,9.0,no_additive,0.0,100.0,175.0,1.0,21544.3469003188,4.333333333333332,0.33617021276595604,5.07139959899491
2.79774746328854,6,4,117869.0,reinforcment_and_stiffening_modifiers,9.0,no_additive,0.0,100.0,175.0,1.0,17843.8307484772,4.251488095238095,0.446808510638297,5.07139959899491
3.57430401822105,6,4,117869.0,reinforcment_and_stiffening_modifiers,9.0,no_additive,0.0,100.0,175.0,1.0,15294.0959163771,4.184523809523807,0.553191489361702,5.07139959899491
4.70262583613511,6,4,117869.0,reinforcment_and_stiffening_modifiers,9.0,no_additive,0.0,100.0,175.0,1.0,12032.5352559669,4.0803571428571415,0.6723404255319146,5.07139959899491
6.12680478057331,6,4,117869.0,reinforcment_and_stiffening_modifiers,9.0,no_additive,0.0,100.0,175.0,1.0,10313.1861603009,4.013392857142853,0.787234042553191,5.07139959899491
7.75107076927515,6,4,117869.0,reinforcment_and_stiffening_modifiers,9.0,no_additive,0.0,100.0,175.0,1.0,8839.51773374435,3.946428571428571,0.8893617021276591,5.07139959899491
10.2983099197286,6,4,117869.0,reinforcment_and_stiffening_modifiers,9.0,no_additive,0.0,100.0,175.0,1.0,7196.85673001151,3.8571428571428563,1.0127659574468049,5.07139959899491
13.0284759920612,6,4,117869.0,reinforcment_and_stiffening_modifiers,9.0,no_additive,0.0,100.0,175.0,1.0,6168.48583001798,3.790178571428571,1.1148936170212758,5.07139959899491
16.6447239076338,6,4,117869.0,reinforcment_and_stiffening_modifiers,9.0,no_additive,0.0,100.0,175.0,1.0,5022.1867410566,3.7008928571428568,1.2212765957446785,5.07139959899491
21.8990629460591,6,4,117869.0,reinforcment_and_stiffening_modifiers,9.0,no_additive,0.0,100.0,175.0,1.0,4304.55807446124,3.6339285714285707,1.3404255319148928,5.07139959899491
27.7046833961359,6,4,117869.0,reinforcment_and_stiffening_modifiers,9.0,no_additive,0.0,100.0,175.0,1.0,3565.19536577554,3.552083333333332,1.4425531914893612,5.07139959899491
35.0494212455905,6,4,117869.0,reinforcment_and_stiffening_modifiers,9.0,no_additive,0.0,100.0,175.0,1.0,3003.85227866455,3.477678571428571,1.5446808510638295,5.07139959899491
45.6640543233816,6,4,117869.0,reinforcment_and_stiffening_modifiers,9.0,no_additive,0.0,100.0,175.0,1.0,2530.89314505921,3.4032738095238084,1.6595744680851054,5.07139959899491
59.4933035452358,6,4,117869.0,reinforcment_and_stiffening_modifiers,9.0,no_additive,0.0,100.0,175.0,1.0,2206.73406908459,3.34375,1.774468085106383,5.07139959899491
77.5107076927516,6,4,117869.0,reinforcment_and_stiffening_modifiers,9.0,no_additive,0.0,100.0,175.0,1.0,1924.0935798357,3.28422619047619,1.8893617021276596,5.07139959899491
99.0249611863506,6,4,117869.0,reinforcment_and_stiffening_modifiers,9.0,no_additive,0.0,100.0,175.0,1.0,1621.14338519455,3.209821428571427,1.9957446808510635,5.07139959899491
129.014432943116,6,4,117869.0,reinforcment_and_stiffening_modifiers,9.0,no_additive,0.0,100.0,175.0,1.0,1319.88384813262,3.120535714285712,2.110638297872339,5.07139959899491
163.217212856327,6,4,117869.0,reinforcment_and_stiffening_modifiers,9.0,no_additive,0.0,100.0,175.0,1.0,1150.83193480323,3.0610119047619038,2.2127659574468073,5.07139959899491
212.647153918981,6,4,117869.0,reinforcment_and_stiffening_modifiers,9.0,no_additive,0.0,100.0,175.0,1.0,953.161883234787,2.9791666666666665,2.3276595744680852,5.07139959899491
277.046833961359,6,4,117869.0,reinforcment_and_stiffening_modifiers,9.0,no_additive,0.0,100.0,175.0,1.0,803.085722139151,2.9047619047619047,2.4425531914893615,5.07139959899491
364.50385657305,6,4,117869.0,reinforcment_and_stiffening_modifiers,9.0,no_additive,0.0,100.0,175.0,1.0,676.639182124004,2.830357142857143,2.5617021276595744,5.07139959899491
465.677340897209,6,4,117869.0,reinforcment_and_stiffening_modifiers,9.0,no_additive,0.0,100.0,175.0,1.0,514.410143601545,2.7113095238095237,2.6680851063829785,5.07139959899491
594.933035452358,6,4,117869.0,reinforcment_and_stiffening_modifiers,9.0,no_additive,0.0,100.0,175.0,1.0,433.415822554657,2.636904761904762,2.774468085106383,5.07139959899491
0.06389385337761744,12,1a,607000.0,no_additive,0.0,no_additive,0.0,95.0,200.0,0.1,562700.784734779,5.750277520815529,-1.1945409191902687,5.7831886910752575
0.09238569303174271,12,1a,607000.0,no_additive,0.0,no_additive,0.0,95.0,200.0,0.1,388458.95512551,5.589345137669238,-1.0343952789795963,5.7831886910752575
0.13026604657928553,12,1a,607000.0,no_additive,0.0,no_additive,0.0,95.0,200.0,0.1,227128.0842955,5.356270837876559,-0.8851687669797506,5.7831886910752575
0.19806824430317382,12,1a,607000.0,no_additive,0.0,no_additive,0.0,95.0,200.0,0.1,156797.292987727,5.195338560576475,-0.7031851480323901,5.7831886910752575
0.2912326108109299,12,1a,607000.0,no_additive,0.0,no_additive,0.0,95.0,200.0,0.1,108244.584427281,5.034406177430185,-0.5357599964528439,5.7831886910752575
0.4282179592549278,12,1a,607000.0,no_additive,0.0,no_additive,0.0,95.0,200.0,0.1,79656.4317634235,4.901220848142056,-0.36833512255826406,5.7831886910752575
0.6243816549314687,12,1a,607000.0,no_additive,0.0,no_additive,0.0,95.0,200.0,0.1,59372.444421993,4.773584929625557,-0.2045498655056394,5.7831886910752575
0.9180683348835091,12,1a,607000.0,no_additive,0.0,no_additive,0.0,95.0,200.0,0.1,44822.7312003548,4.651498316034482,-0.03712499161106048,5.7831886910752575
1.327457570408841,12,1a,607000.0,no_additive,0.0,no_additive,0.0,95.0,200.0,0.1,34714.4687925972,4.54051052398667,0.12302064859961048,5.7831886910752575
1.9682721130666399,12,1a,607000.0,no_additive,0.0,no_additive,0.0,95.0,200.0,0.1,28295.6956166418,4.451720375025388,0.29408513933614405,5.7831886910752575
2.9184323457379135,12,1a,607000.0,no_additive,0.0,no_additive,0.0,95.0,200.0,0.1,22481.8058420483,4.351831192828427,0.46514963007267873,5.7831886910752575
4.291160728538336,12,1a,607000.0,no_additive,0.0,no_additive,0.0,95.0,200.0,0.1,17190.7211559961,4.235294095855192,0.6325747816522237,5.7831886910752575
6.256911881798576,12,1a,607000.0,no_additive,0.0,no_additive,0.0,95.0,200.0,0.1,14012.1231918248,4.146503946893909,0.7963600387048488,5.7831886910752575
9.047016892557483,12,1a,607000.0,no_additive,0.0,no_additive,0.0,95.0,200.0,0.1,11568.1284651479,4.063263102858051,0.956505401230553,5.7831886910752575
13.527258413118803,12,1a,607000.0,no_additive,0.0,no_additive,0.0,95.0,200.0,0.1,9429.15429030168,3.974472742204355,1.131209786494008,5.7831886910752575
19.724002256618487,12,1a,607000.0,no_additive,0.0,no_additive,0.0,95.0,200.0,0.1,7685.6852200378,3.8856825932430716,1.294995043546633,5.7831886910752575
29.739887636714165,12,1a,607000.0,no_additive,0.0,no_additive,0.0,95.0,200.0,0.1,6677.88876434505,3.8246391806013285,1.473339323337005,5.7831886910752575
42.642709455821894,12,1a,607000.0,no_additive,0.0,no_additive,0.0,95.0,200.0,0.1,5106.25011465519,3.7081020836280922,1.629844791335792,5.7831886910752575
63.22805719011361,12,1a,607000.0,no_additive,0.0,no_additive,0.0,95.0,200.0,0.1,4215.61378721664,3.6248608162074074,1.8009098374422567,5.7831886910752575
90.65991456153263,12,1a,607000.0,no_additive,0.0,no_additive,0.0,95.0,200.0,0.1,3570.41926440241,3.5527192170996402,1.9574153054410408,5.7831886910752575
134.4250948379831,12,1a,607000.0,no_additive,0.0,no_additive,0.0,95.0,200.0,0.1,2800.7911790926,3.4472807299772557,2.128480351547507,5.7831886910752575
196.00430426901465,12,1a,607000.0,no_additive,0.0,no_additive,0.0,95.0,200.0,0.1,2225.31418393228,3.3473913360878798,2.2922656086001307,5.7831886910752575
293.0687004174994,12,1a,607000.0,no_additive,0.0,no_additive,0.0,95.0,200.0,0.1,1768.0835720415,3.2475027889681605,2.4669694384936545,5.7831886910752575
430.91795491917145,12,1a,607000.0,no_additive,0.0,no_additive,0.0,95.0,200.0,0.1,1301.12000363077,3.114317353833823,2.6343945900732004,5.7831886910752575
623.0744640660396,12,1a,607000.0,no_additive,0.0,no_additive,0.0,95.0,200.0,0.1,933.325880841519,2.9700333088486355,2.7945399525989063,5.7831886910752575
0.06389385337761744,12,2a,607000.0,reinforcment_and_stiffening_modifiers,1.0,no_additive,0.0,95.0,200.0,0.1,5238.42710837479,3.719200905171356,-1.1945409191902687,5.7831886910752575
0.09238569303174271,12,2a,607000.0,reinforcment_and_stiffening_modifiers,1.0,no_additive,0.0,95.0,200.0,0.1,4162.09448140933,3.6193119346668094,-1.0343952789795963,5.7831886910752575
0.13026604657928553,12,2a,607000.0,reinforcment_and_stiffening_modifiers,1.0,no_additive,0.0,95.0,200.0,0.1,3954.70295311183,3.597113868195455,-0.8851687669797506,5.7831886910752575
0.19806824430317382,12,2a,607000.0,reinforcment_and_stiffening_modifiers,1.0,no_additive,0.0,95.0,200.0,0.1,3349.44051364399,3.524972269087688,-0.7031851480323901,5.7831886910752575
0.2912326108109299,12,2a,607000.0,reinforcment_and_stiffening_modifiers,1.0,no_additive,0.0,95.0,200.0,0.1,2947.6666854559,3.469478373063782,-0.5357599964528439,5.7831886910752575
0.4282179592549278,12,2a,607000.0,reinforcment_and_stiffening_modifiers,1.0,no_additive,0.0,95.0,200.0,0.1,2695.45558555271,3.4306321801237383,-0.36833512255826406,5.7831886910752575
0.6243816549314687,12,2a,607000.0,reinforcment_and_stiffening_modifiers,1.0,no_additive,0.0,95.0,200.0,0.1,2561.14967973452,3.408434960422038,-0.2045498655056394,5.7831886910752575
0.9180683348835091,12,2a,607000.0,reinforcment_and_stiffening_modifiers,1.0,no_additive,0.0,95.0,200.0,0.1,2496.52747855589,3.3973363505711878,-0.03712499161106048,5.7831886910752575
1.327457570408841,12,2a,607000.0,reinforcment_and_stiffening_modifiers,1.0,no_additive,0.0,95.0,200.0,0.1,2402.63617898805,3.380688012410086,0.12302064859961048,5.7831886910752575
1.9682721130666399,12,2a,607000.0,reinforcment_and_stiffening_modifiers,1.0,no_additive,0.0,95.0,200.0,0.1,2464.82922085044,3.3917868339533497,0.29408513933614405,5.7831886910752575
2.9184323457379135,12,2a,607000.0,reinforcment_and_stiffening_modifiers,1.0,no_additive,0.0,95.0,200.0,0.1,2433.5346201984,3.386237529027924,0.46514963007267873,5.7831886910752575
4.291160728538336,12,2a,607000.0,reinforcment_and_stiffening_modifiers,1.0,no_additive,0.0,95.0,200.0,0.1,2342.01354543165,3.3695894025592343,0.6325747816522237,5.7831886910752575
6.256911881798576,12,2a,607000.0,reinforcment_and_stiffening_modifiers,1.0,no_additive,0.0,95.0,200.0,0.1,2087.58605958758,3.319644388075929,0.7963600387048488,5.7831886910752575
9.047016892557483,12,2a,607000.0,reinforcment_and_stiffening_modifiers,1.0,no_additive,0.0,95.0,200.0,0.1,1908.96972975215,3.2807990419055395,0.956505401230553,5.7831886910752575
13.527258413118803,12,2a,607000.0,reinforcment_and_stiffening_modifiers,1.0,no_additive,0.0,95.0,200.0,0.1,1723.46926934318,3.236403544040069,1.131209786494008,5.7831886910752575
19.724002256618487,12,2a,607000.0,reinforcment_and_stiffening_modifiers,1.0,no_additive,0.0,95.0,200.0,0.1,1596.27500910189,3.2031077144875186,1.294995043546633,5.7831886910752575
29.739887636714165,12,2a,607000.0,reinforcment_and_stiffening_modifiers,1.0,no_additive,0.0,95.0,200.0,0.1,1404.79711535256,3.147613606771202,1.473339323337005,5.7831886910752575
42.642709455821894,12,2a,607000.0,reinforcment_and_stiffening_modifiers,1.0,no_additive,0.0,95.0,200.0,0.1,1159.77238248583,3.0643727627353434,1.629844791335792,5.7831886910752575
63.22805719011361,12,2a,607000.0,reinforcment_and_stiffening_modifiers,1.0,no_additive,0.0,95.0,200.0,0.1,1007.69606295448,3.0033295617860123,1.8009098374422567,5.7831886910752575
90.65991456153263,12,2a,607000.0,reinforcment_and_stiffening_modifiers,1.0,no_additive,0.0,95.0,200.0,0.1,821.371090014453,2.9145394128247304,1.9574153054410408,5.7831886910752575
134.4250948379831,12,2a,607000.0,reinforcment_and_stiffening_modifiers,1.0,no_additive,0.0,95.0,200.0,0.1,669.497968994253,2.8257492638634476,2.128480351547507,5.7831886910752575
196.00430426901465,12,2a,607000.0,reinforcment_and_stiffening_modifiers,1.0,no_additive,0.0,95.0,200.0,0.1,581.708807691083,2.7647056395292897,2.2922656086001307,5.7831886910752575
293.0687004174994,12,2a,607000.0,reinforcment_and_stiffening_modifiers,1.0,no_additive,0.0,95.0,200.0,0.1,468.129689523956,2.670366185642582,2.4669694384936545,5.7831886910752575
430.91795491917145,12,2a,607000.0,reinforcment_and_stiffening_modifiers,1.0,no_additive,0.0,95.0,200.0,0.1,353.41077283563,2.5482797837439213,2.6343945900732004,5.7831886910752575
623.0744640660396,12,2a,607000.0,reinforcment_and_stiffening_modifiers,1.0,no_additive,0.0,95.0,200.0,0.1,288.064148892776,2.45948921139781,2.7945399525989063,5.7831886910752575
0.06389385337761744,12,3a,607000.0,reinforcment_and_stiffening_modifiers,1.0,no_additive,0.0,95.0,200.0,0.1,1745.63432235659,3.2419532723503233,-1.1945409191902687,5.7831886910752575
0.09238569303174271,12,3a,607000.0,reinforcment_and_stiffening_modifiers,1.0,no_additive,0.0,95.0,200.0,0.1,1236.28816212182,3.092119710747296,-1.0343952789795963,5.7831886910752575
0.13026604657928553,12,3a,607000.0,reinforcment_and_stiffening_modifiers,1.0,no_additive,0.0,95.0,200.0,0.1,800.645707462836,2.9034403795890533,-0.8851687669797506,5.7831886910752575
0.19806824430317382,12,3a,607000.0,reinforcment_and_stiffening_modifiers,1.0,no_additive,0.0,95.0,200.0,0.1,538.777420385807,2.731409386591912,-0.7031851480323901,5.7831886910752575
0.2912326108109299,12,3a,607000.0,reinforcment_and_stiffening_modifiers,1.0,no_additive,0.0,95.0,200.0,0.1,376.726986623473,2.5760267317558734,-0.5357599964528439,5.7831886910752575
0.4282179592549278,12,3a,607000.0,reinforcment_and_stiffening_modifiers,1.0,no_additive,0.0,95.0,200.0,0.1,273.710836355127,2.43729199169611,-0.36833512255826406,5.7831886910752575
0.6243816549314687,12,3a,607000.0,reinforcment_and_stiffening_modifiers,1.0,no_additive,0.0,95.0,200.0,0.1,214.710609403404,2.331853504573724,-0.2045498655056394,5.7831886910752575
0.9180683348835091,12,3a,607000.0,reinforcment_and_stiffening_modifiers,1.0,no_additive,0.0,95.0,200.0,0.1,172.788019712161,2.237513627302189,-0.03712499161106048,5.7831886910752575
1.327457570408841,12,3a,607000.0,reinforcment_and_stiffening_modifiers,1.0,no_additive,0.0,95.0,200.0,0.1,142.650330853142,2.1542727832663324,0.12302064859961048,5.7831886910752575
1.9682721130666399,12,3a,607000.0,reinforcment_and_stiffening_modifiers,1.0,no_additive,0.0,95.0,200.0,0.1,120.817813679325,2.0821309724661514,0.29408513933614405,5.7831886910752575
2.9184323457379135,12,3a,607000.0,reinforcment_and_stiffening_modifiers,1.0,no_additive,0.0,95.0,200.0,0.1,109.07762827132,2.037735686293094,0.46514963007267873,5.7831886910752575
4.291160728538336,12,3a,607000.0,reinforcment_and_stiffening_modifiers,1.0,no_additive,0.0,95.0,200.0,0.1,98.4783636288087,1.9933408235048693,0.6325747816522237,5.7831886910752575
6.256911881798576,12,3a,607000.0,reinforcment_and_stiffening_modifiers,1.0,no_additive,0.0,95.0,200.0,0.1,90.0523067947677,1.9544948422572388,0.7963600387048488,5.7831886910752575
9.047016892557483,12,3a,607000.0,reinforcment_and_stiffening_modifiers,1.0,no_additive,0.0,95.0,200.0,0.1,80.2694433321081,1.9045502511587586,0.956505401230553,5.7831886910752575
13.527258413118803,12,3a,607000.0,reinforcment_and_stiffening_modifiers,1.0,no_additive,0.0,95.0,200.0,0.1,71.5494143738256,1.8546060834451055,1.131209786494008,5.7831886910752575
19.724002256618487,12,3a,607000.0,reinforcment_and_stiffening_modifiers,1.0,no_additive,0.0,95.0,200.0,0.1,67.9842702827364,1.832408440358578,1.294995043546633,5.7831886910752575
29.739887636714165,12,3a,607000.0,reinforcment_and_stiffening_modifiers,1.0,no_additive,0.0,95.0,200.0,0.1,63.7766190222572,1.8046614923466258,1.473339323337005,5.7831886910752575
42.642709455821894,12,3a,607000.0,reinforcment_and_stiffening_modifiers,1.0,no_additive,0.0,95.0,200.0,0.1,59.0697644997457,1.7713652394092483,1.629844791335792,5.7831886910752575
63.22805719011361,12,3a,607000.0,reinforcment_and_stiffening_modifiers,1.0,no_additive,0.0,95.0,200.0,0.1,56.1264528917985,1.7491675963227202,1.8009098374422567,5.7831886910752575
90.65991456153263,12,3a,607000.0,reinforcment_and_stiffening_modifiers,1.0,no_additive,0.0,95.0,200.0,0.1,53.3297997866377,1.7269699532361924,1.9574153054410408,5.7831886910752575
134.4250948379831,12,3a,607000.0,reinforcment_and_stiffening_modifiers,1.0,no_additive,0.0,95.0,200.0,0.1,50.0291362896238,1.6992230052242394,2.128480351547507,5.7831886910752575
196.00430426901465,12,3a,607000.0,reinforcment_and_stiffening_modifiers,1.0,no_additive,0.0,95.0,200.0,0.1,47.536298560815,1.6770253621377122,2.2922656086001307,5.7831886910752575
293.0687004174994,12,3a,607000.0,reinforcment_and_stiffening_modifiers,1.0,no_additive,0.0,95.0,200.0,0.1,46.3368761790654,1.665926752286862,2.4669694384936545,5.7831886910752575
430.91795491917145,12,3a,607000.0,reinforcment_and_stiffening_modifiers,1.0,no_additive,0.0,95.0,200.0,0.1,35.4315095162149,1.549389655313626,2.6343945900732004,5.7831886910752575
623.0744640660396,12,3a,607000.0,reinforcment_and_stiffening_modifiers,1.0,no_additive,0.0,95.0,200.0,0.1,98.4783636288087,1.9933408235048693,2.7945399525989063,5.7831886910752575
0.06389385337761744,12,4a,607000.0,reinforcment_and_stiffening_modifiers,2.5,no_additive,0.0,95.0,200.0,0.1,713.667980141188,2.8534962118753997,-1.1945409191902687,5.7831886910752575
0.09238569303174271,12,4a,607000.0,reinforcment_and_stiffening_modifiers,2.5,no_additive,0.0,95.0,200.0,0.1,921.475948005578,2.9644840039232108,-1.0343952789795963,5.7831886910752575
0.13026604657928553,12,4a,607000.0,reinforcment_and_stiffening_modifiers,2.5,no_additive,0.0,95.0,200.0,0.1,1020.65476327748,3.008878866711439,-0.8851687669797506,5.7831886910752575
0.19806824430317382,12,4a,607000.0,reinforcment_and_stiffening_modifiers,2.5,no_additive,0.0,95.0,200.0,0.1,1060.54037016724,3.025527204872541,-0.7031851480323901,5.7831886910752575
0.2912326108109299,12,4a,607000.0,reinforcment_and_stiffening_modifiers,2.5,no_additive,0.0,95.0,200.0,0.1,1060.54037016724,3.025527204872541,-0.5357599964528439,5.7831886910752575
0.4282179592549278,12,4a,607000.0,reinforcment_and_stiffening_modifiers,2.5,no_additive,0.0,95.0,200.0,0.1,1101.98357047928,3.0421751196488165,-0.36833512255826406,5.7831886910752575
0.6243816549314687,12,4a,607000.0,reinforcment_and_stiffening_modifiers,2.5,no_additive,0.0,95.0,200.0,0.1,1074.17863406711,3.0310765097979644,-0.2045498655056394,5.7831886910752575
0.9180683348835091,12,4a,607000.0,reinforcment_and_stiffening_modifiers,2.5,no_additive,0.0,95.0,200.0,0.1,1020.65476327748,3.008878866711439,-0.03712499161106048,5.7831886910752575
1.327457570408841,12,4a,607000.0,reinforcment_and_stiffening_modifiers,2.5,no_additive,0.0,95.0,200.0,0.1,969.79786486418,2.9866812236249114,0.12302064859961048,5.7831886910752575
1.9682721130666399,12,4a,607000.0,reinforcment_and_stiffening_modifiers,2.5,no_additive,0.0,95.0,200.0,0.1,957.484867015326,2.981131918699486,0.29408513933614405,5.7831886910752575
2.9184323457379135,12,4a,607000.0,reinforcment_and_stiffening_modifiers,2.5,no_additive,0.0,95.0,200.0,0.1,909.775580421978,2.958934275612958,0.46514963007267873,5.7831886910752575
4.291160728538336,12,4a,607000.0,reinforcment_and_stiffening_modifiers,2.5,no_additive,0.0,95.0,200.0,0.1,886.820381414818,2.9478356657621085,0.6325747816522237,5.7831886910752575
6.256911881798576,12,4a,607000.0,reinforcment_and_stiffening_modifiers,2.5,no_additive,0.0,95.0,200.0,0.1,810.942586476889,2.908990107899305,0.7963600387048488,5.7831886910752575
9.047016892557483,12,4a,607000.0,reinforcment_and_stiffening_modifiers,2.5,no_additive,0.0,95.0,200.0,0.1,751.092510727874,2.8756934315771012,0.956505401230553,5.7831886910752575
13.527258413118803,12,4a,607000.0,reinforcment_and_stiffening_modifiers,2.5,no_additive,0.0,95.0,200.0,0.1,713.667980141188,2.8534962118753997,1.131209786494008,5.7831886910752575
19.724002256618487,12,4a,607000.0,reinforcment_and_stiffening_modifiers,2.5,no_additive,0.0,95.0,200.0,0.1,644.318981417771,2.8091009257023445,1.294995043546633,5.7831886910752575
29.739887636714165,12,4a,607000.0,reinforcment_and_stiffening_modifiers,2.5,no_additive,0.0,95.0,200.0,0.1,596.766825814041,2.7758046727649677,1.473339323337005,5.7831886910752575
42.642709455821894,12,4a,607000.0,reinforcment_and_stiffening_modifiers,2.5,no_additive,0.0,95.0,200.0,0.1,518.515175870727,2.714761471815637,1.629844791335792,5.7831886910752575
63.22805719011361,12,4a,607000.0,reinforcment_and_stiffening_modifiers,2.5,no_additive,0.0,95.0,200.0,0.1,462.186100587616,2.6648168807171566,1.8009098374422567,5.7831886910752575
90.65991456153263,12,4a,607000.0,reinforcment_and_stiffening_modifiers,2.5,no_additive,0.0,95.0,200.0,0.1,401.58148352883,2.6037736797678264,1.9574153054410408,5.7831886910752575
134.4250948379831,12,4a,607000.0,reinforcment_and_stiffening_modifiers,2.5,no_additive,0.0,95.0,200.0,0.1,335.801120268534,2.5260821406573934,2.128480351547507,5.7831886910752575
196.00430426901465,12,4a,607000.0,reinforcment_and_stiffening_modifiers,2.5,no_additive,0.0,95.0,200.0,0.1,284.406754528287,2.453939906472386,2.2922656086001307,5.7831886910752575
293.0687004174994,12,4a,607000.0,reinforcment_and_stiffening_modifiers,2.5,no_additive,0.0,95.0,200.0,0.1,234.800524352979,2.3706990624365267,2.4669694384936545,5.7831886910752575
430.91795491917145,12,4a,607000.0,reinforcment_and_stiffening_modifiers,2.5,no_additive,0.0,95.0,200.0,0.1,198.864494974715,2.298557251636347,2.6343945900732004,5.7831886910752575
623.0744640660396,12,4a,607000.0,reinforcment_and_stiffening_modifiers,2.5,no_additive,0.0,95.0,200.0,0.1,139.051018227436,2.14317417341548,2.7945399525989063,5.7831886910752575
0.06389385337761744,12,5a,607000.0,reinforcment_and_stiffening_modifiers,2.5,no_additive,0.0,95.0,200.0,0.1,2169.16674592159,3.336292937929444,-1.1945409191902687,5.7831886910752575
0.09238569303174271,12,5a,607000.0,reinforcment_and_stiffening_modifiers,2.5,no_additive,0.0,95.0,200.0,0.1,2627.44589663186,3.4195337819653027,-1.0343952789795963,5.7831886910752575
0.13026604657928553,12,5a,607000.0,reinforcment_and_stiffening_modifiers,2.5,no_additive,0.0,95.0,200.0,0.1,2141.62601146134,3.330743633004018,-0.8851687669797506,5.7831886910752575
0.19806824430317382,12,5a,607000.0,reinforcment_and_stiffening_modifiers,2.5,no_additive,0.0,95.0,200.0,0.1,1596.27500910189,3.2031077144875186,-0.7031851480323901,5.7831886910752575
0.2912326108109299,12,5a,607000.0,reinforcment_and_stiffening_modifiers,2.5,no_additive,0.0,95.0,200.0,0.1,1130.50933518506,3.053274152884492,-0.5357599964528439,5.7831886910752575
0.4282179592549278,12,5a,607000.0,reinforcment_and_stiffening_modifiers,2.5,no_additive,0.0,95.0,200.0,0.1,821.371090014453,2.9145394128247304,-0.36833512255826406,5.7831886910752575
0.6243816549314687,12,5a,607000.0,reinforcment_and_stiffening_modifiers,2.5,no_additive,0.0,95.0,200.0,0.1,628.061707908983,2.798002315851494,-0.2045498655056394,5.7831886910752575
0.9180683348835091,12,5a,607000.0,reinforcment_and_stiffening_modifiers,2.5,no_additive,0.0,95.0,200.0,0.1,545.705953093483,2.7369586915173367,-0.03712499161106048,5.7831886910752575
1.327457570408841,12,5a,607000.0,reinforcment_and_stiffening_modifiers,2.5,no_additive,0.0,95.0,200.0,0.1,531.936855502578,2.7258600816664873,0.12302064859961048,5.7831886910752575
1.9682721130666399,12,5a,607000.0,reinforcment_and_stiffening_modifiers,2.5,no_additive,0.0,95.0,200.0,0.1,505.431655511433,2.7036624385799604,0.29408513933614405,5.7831886910752575
2.9184323457379135,12,5a,607000.0,reinforcment_and_stiffening_modifiers,2.5,no_additive,0.0,95.0,200.0,0.1,468.129689523956,2.670366185642582,0.46514963007267873,5.7831886910752575
4.291160728538336,12,5a,607000.0,reinforcment_and_stiffening_modifiers,2.5,no_additive,0.0,95.0,200.0,0.1,474.149711415331,2.675915490568007,0.6325747816522237,5.7831886910752575
6.256911881798576,12,5a,607000.0,reinforcment_and_stiffening_modifiers,2.5,no_additive,0.0,95.0,200.0,0.1,462.186100587616,2.6648168807171566,0.7963600387048488,5.7831886910752575
9.047016892557483,12,5a,607000.0,reinforcment_and_stiffening_modifiers,2.5,no_additive,0.0,95.0,200.0,0.1,422.640293692062,2.6259708994695266,0.956505401230553,5.7831886910752575
13.527258413118803,12,5a,607000.0,reinforcment_and_stiffening_modifiers,2.5,no_additive,0.0,95.0,200.0,0.1,391.448511997491,2.592674646532149,1.131209786494008,5.7831886910752575
19.724002256618487,12,5a,607000.0,reinforcment_and_stiffening_modifiers,2.5,no_additive,0.0,95.0,200.0,0.1,371.943525664241,2.5704770034456215,1.294995043546633,5.7831886910752575
29.739887636714165,12,5a,607000.0,reinforcment_and_stiffening_modifiers,2.5,no_additive,0.0,95.0,200.0,0.1,327.327962686734,2.514983107421716,1.473339323337005,5.7831886910752575
42.642709455821894,12,5a,607000.0,reinforcment_and_stiffening_modifiers,2.5,no_additive,0.0,95.0,200.0,0.1,295.520929875376,2.470588244633488,1.629844791335792,5.7831886910752575
63.22805719011361,12,5a,607000.0,reinforcment_and_stiffening_modifiers,2.5,no_additive,0.0,95.0,200.0,0.1,273.710836355127,2.43729199169611,1.8009098374422567,5.7831886910752575
90.65991456153263,12,5a,607000.0,reinforcment_and_stiffening_modifiers,2.5,no_additive,0.0,95.0,200.0,0.1,250.291447788576,2.39844601044848,1.9574153054410408,5.7831886910752575
134.4250948379831,12,5a,607000.0,reinforcment_and_stiffening_modifiers,2.5,no_additive,0.0,95.0,200.0,0.1,214.710609403404,2.331853504573724,2.128480351547507,5.7831886910752575
196.00430426901465,12,5a,607000.0,reinforcment_and_stiffening_modifiers,2.5,no_additive,0.0,95.0,200.0,0.1,188.955530863809,2.276359608549819,2.2922656086001307,5.7831886910752575
293.0687004174994,12,5a,607000.0,reinforcment_and_stiffening_modifiers,2.5,no_additive,0.0,95.0,200.0,0.1,160.035884454973,2.2042173743648124,2.4669694384936545,5.7831886910752575
430.91795491917145,12,5a,607000.0,reinforcment_and_stiffening_modifiers,2.5,no_additive,0.0,95.0,200.0,0.1,146.34295375799,2.165371816502007,2.6343945900732004,5.7831886910752575
623.0744640660396,12,5a,607000.0,reinforcment_and_stiffening_modifiers,2.5,no_additive,0.0,95.0,200.0,0.1,110.480337231567,2.0432849912185214,2.7945399525989063,5.7831886910752575
0.515530256725832,13,1,2800000.0,no_additive,0.0,no_additive,0.0,84.0,180.0,0.5,6.07039264789507,0.783216783216783,-0.2877458406744403,6.447158031342219
0.574760139586875,13,1,2800000.0,no_additive,0.0,no_additive,0.0,84.0,180.0,0.5,5.58281274772344,0.7468530614892914,-0.24051335841834273,6.447158031342219
0.647361931288365,13,1,2800000.0,no_additive,0.0,no_additive,0.0,84.0,180.0,0.5,5.40588804762056,0.7328670475032781,-0.1888528432675618,6.447158031342219
0.729134540162484,13,1,2800000.0,no_additive,0.0,no_additive,0.0,84.0,180.0,0.5,5.26839335894575,0.7216781936325392,-0.13719232811678142,6.447158031342219
0.815673217669,13,1,2800000.0,no_additive,0.0,no_additive,0.0,84.0,180.0,0.5,5.03614075178202,0.7020978594159744,-0.08848379735879354,6.447158031342219
0.912482661099097,13,1,2800000.0,no_additive,0.0,no_additive,0.0,84.0,180.0,0.5,4.78321774603396,0.6797201516744971,-0.039775379211792236,6.447158031342219
1.03475428361372,13,1,2800000.0,no_additive,0.0,no_additive,0.0,84.0,180.0,0.5,4.63163297980855,0.6657341376884826,0.01483723294276667,6.447158031342219
1.16546100766585,13,1,2800000.0,no_additive,0.0,no_additive,0.0,84.0,180.0,0.5,4.54299916867209,0.6573426573426566,0.06649774809354607,6.447158031342219
1.29495352405761,13,1,2800000.0,no_additive,0.0,no_additive,0.0,84.0,180.0,0.5,4.37078539531566,0.6405594832413678,0.11225418184775429,6.447158031342219
1.46349313372846,13,1,2800000.0,no_additive,0.0,no_additive,0.0,84.0,180.0,0.5,4.20509775044012,0.6237760957304411,0.16539068919493113,6.447158031342219
1.65396835691771,13,1,2800000.0,no_additive,0.0,no_additive,0.0,84.0,180.0,0.5,4.07183416234945,0.609790081744427,0.21852719654211103,6.447158031342219
1.83150301570848,13,1,2800000.0,no_additive,0.0,no_additive,0.0,84.0,180.0,0.5,3.84251372389182,0.5846154272973114,0.2628076380999214,6.447158031342219
2.07692230411596,13,1,2800000.0,no_additive,0.0,no_additive,0.0,84.0,180.0,0.5,3.84251372389182,0.5846154272973114,0.3174202502544811,6.447158031342219
2.31554207165465,13,1,2800000.0,no_additive,0.0,no_additive,0.0,84.0,180.0,0.5,3.64953656765746,0.5622377195558347,0.36465267620508746,6.447158031342219
2.63476132887936,13,1,2800000.0,no_additive,0.0,no_additive,0.0,84.0,180.0,0.5,3.53387924724838,0.5482517055698201,0.4207412805560435,6.447158031342219
2.96757562828421,13,1,2800000.0,no_additive,0.0,no_additive,0.0,84.0,180.0,0.5,3.35640220575615,0.5258739978283433,0.4724017957068243,6.447158031342219
3.34242992450936,13,1,2800000.0,no_additive,0.0,no_additive,0.0,84.0,180.0,0.5,3.16737397062291,0.500699343381228,0.5240623108576049,6.447158031342219
3.71380199010483,13,1,2800000.0,no_additive,0.0,no_additive,0.0,84.0,180.0,0.5,3.0277415151838,0.4811187957550261,0.5698187446118138,6.447158031342219
4.1404845702896,13,1,2800000.0,no_additive,0.0,no_additive,0.0,84.0,180.0,0.5,2.82065264692097,0.45034960766772214,0.6170511705624181,6.447158031342219
4.67937314069805,13,1,2800000.0,no_additive,0.0,no_additive,0.0,84.0,180.0,0.5,2.95073319141704,0.4699299418842864,0.6701876779095951,6.447158031342219
5.30640373607982,13,1,2800000.0,no_additive,0.0,no_additive,0.0,84.0,180.0,0.5,2.69630659177338,0.4307692734511575,0.724800290064155,6.447158031342219
5.85604798635419,13,1,2800000.0,no_additive,0.0,no_additive,0.0,84.0,180.0,0.5,2.78455171097168,0.4447552874371714,0.767604626814585,6.447158031342219
6.6633592899836,13,1,2800000.0,no_additive,0.0,no_additive,0.0,84.0,180.0,0.5,2.34007988704095,0.36923068386691316,0.8236932311655415,6.447158031342219
7.45421237531053,13,1,2800000.0,no_additive,0.0,no_additive,0.0,84.0,180.0,0.5,2.18002510923985,0.33846149577961004,0.872401761923529,6.447158031342219
8.42438840828145,13,1,2800000.0,no_additive,0.0,no_additive,0.0,84.0,180.0,0.5,2.01787912502811,0.3048951475770324,0.9255383818816921,6.447158031342219
9.32865052147715,13,1,2800000.0,no_additive,0.0,no_additive,0.0,84.0,180.0,0.5,1.99205173851446,0.2993006139368425,0.9698188234395042,6.447158031342219
10.5427817998704,13,1,2800000.0,no_additive,0.0,no_additive,0.0,84.0,180.0,0.5,1.95393059671949,0.29090913359101683,1.022955218175693,6.447158031342219
11.7540529857547,13,1,2800000.0,no_additive,0.0,no_additive,0.0,84.0,180.0,0.5,2.01787912502811,0.3048951475770324,1.0701876441262972,6.447158031342219
13.4199949771449,13,1,2800000.0,no_additive,0.0,no_additive,0.0,84.0,180.0,0.5,1.85580109162762,0.2685314258495407,1.1277523532846379,6.447158031342219
15.3220486591533,13,1,2800000.0,no_additive,0.0,no_additive,0.0,84.0,180.0,0.5,1.62102685527351,0.20979020979020813,1.1853168372210052,6.447158031342219
16.8517611267464,13,1,2800000.0,no_additive,0.0,no_additive,0.0,84.0,180.0,0.5,1.89200865871657,0.2769231196050033,1.2266452943860247,6.447158031342219
18.9804196172372,13,1,2800000.0,no_additive,0.0,no_additive,0.0,84.0,180.0,0.5,1.65265305259449,0.21818169013603575,1.2783058095368043,6.447158031342219
21.3779631776657,13,1,2800000.0,no_additive,0.0,no_additive,0.0,84.0,180.0,0.5,1.51991108295293,0.1818181818181808,1.3299663246875841,6.447158031342219
24.0783564769342,13,1,2800000.0,no_additive,0.0,no_additive,0.0,84.0,180.0,0.5,1.54956451384053,0.19020966216400545,1.3816268398383658,6.447158031342219
27.119854488103,13,1,2800000.0,no_additive,0.0,no_additive,0.0,84.0,180.0,0.5,1.42510267030299,0.1538461538461514,1.4332873549891463,6.447158031342219
30.3386244301313,13,1,2800000.0,no_additive,0.0,no_additive,0.0,84.0,180.0,0.5,1.62102685527351,0.20979020979020813,1.481995885747135,6.447158031342219
34.1708986949565,13,1,2800000.0,no_additive,0.0,no_additive,0.0,84.0,180.0,0.5,1.34484206856154,0.12867128598939906,1.5336564008979157,6.447158031342219
38.4872531155799,13,1,2800000.0,no_additive,0.0,no_additive,0.0,84.0,180.0,0.5,1.39783033182509,0.145454460090689,1.5853169160486962,6.447158031342219
43.7930830128512,13,1,2800000.0,no_additive,0.0,no_additive,0.0,84.0,180.0,0.5,1.28555585825674,0.10909095177283495,1.641405520399652,6.447158031342219
49.157516169684,13,1,2800000.0,no_additive,0.0,no_additive,0.0,84.0,180.0,0.5,1.32762971969893,0.12307696575884855,1.69158993074305,6.447158031342219
55.3669303299618,13,1,2800000.0,no_additive,0.0,no_additive,0.0,84.0,180.0,0.5,1.53961630603717,0.18741250204873144,1.7432504458938303,6.447158031342219
63.6454174614039,13,1,2800000.0,no_additive,0.0,no_additive,0.0,84.0,180.0,0.5,1.40686239167033,0.14825162020596283,1.8037671394449624,6.447158031342219
68.8200997547063,13,1,2800000.0,no_additive,0.0,no_additive,0.0,84.0,180.0,0.5,1.34484206856154,0.12867128598939906,1.8377152977950406,6.447158031342219
0.515530256725832,13,2,867000.0,no_additive,0.0,no_additive,0.0,82.0,180.0,0.5,13.2336083953562,1.121678278996392,-0.2877458406744403,5.93801909747621
0.574760139586875,13,2,867000.0,no_additive,0.0,no_additive,0.0,82.0,180.0,0.5,12.6502161080688,1.1020979447798285,-0.24051335841834273,5.93801909747621
0.647361931288365,13,2,867000.0,no_additive,0.0,no_additive,0.0,82.0,180.0,0.5,12.1706719702214,1.0853145572689007,-0.1888528432675618,5.93801909747621
0.729134540162484,13,2,867000.0,no_additive,0.0,no_additive,0.0,82.0,180.0,0.5,12.4081276026529,1.0937062510243656,-0.13719232811678142,5.93801909747621
0.815673217669,13,2,867000.0,no_additive,0.0,no_additive,0.0,82.0,180.0,0.5,11.4114946056232,1.0573425292968717,-0.08848379735879354,5.93801909747621
0.912482661099097,13,2,867000.0,no_additive,0.0,no_additive,0.0,82.0,180.0,0.5,10.9789132925508,1.040559355195582,-0.039775379211792236,5.93801909747621
1.03475428361372,13,2,867000.0,no_additive,0.0,no_additive,0.0,82.0,180.0,0.5,10.8383965061256,1.034965034965033,0.01483723294276667,5.93801909747621
1.16546100766585,13,2,867000.0,no_additive,0.0,no_additive,0.0,82.0,180.0,0.5,10.4275399133434,1.0181818608637447,0.06649774809354607,5.93801909747621
1.29495352405761,13,2,867000.0,no_additive,0.0,no_additive,0.0,82.0,180.0,0.5,10.3605899915777,1.01538448733883,0.11225418184775429,5.93801909747621
1.46349313372846,13,2,867000.0,no_additive,0.0,no_additive,0.0,82.0,180.0,0.5,9.77709495105838,0.9902098328917175,0.16539068919493113,5.93801909747621
1.65396835691771,13,2,867000.0,no_additive,0.0,no_additive,0.0,82.0,180.0,0.5,9.46724941794448,0.9762238189057036,0.21852719654211103,5.93801909747621
1.83150301570848,13,2,867000.0,no_additive,0.0,no_additive,0.0,82.0,180.0,0.5,10.1623232937243,1.0069930069930064,0.2628076380999214,5.93801909747621
2.07692230411596,13,2,867000.0,no_additive,0.0,no_additive,0.0,82.0,180.0,0.5,10.2279869941505,1.009790167108281,0.3174202502544811,5.93801909747621
2.31554207165465,13,2,867000.0,no_additive,0.0,no_additive,0.0,82.0,180.0,0.5,9.58998966496754,0.9818181391362542,0.36465267620508746,5.93801909747621
2.63476132887936,13,2,867000.0,no_additive,0.0,no_additive,0.0,82.0,180.0,0.5,8.87670507653965,0.9482517909336757,0.4207412805560435,5.93801909747621
2.96757562828421,13,2,867000.0,no_additive,0.0,no_additive,0.0,82.0,180.0,0.5,8.76308970179504,0.9426572572934877,0.4724017957068243,5.93801909747621
3.34242992450936,13,2,867000.0,no_additive,0.0,no_additive,0.0,82.0,180.0,0.5,8.70683064541221,0.9398600971782123,0.5240623108576049,5.93801909747621
3.71380199010483,13,2,867000.0,no_additive,0.0,no_additive,0.0,82.0,180.0,0.5,8.21646915678128,0.9146852293214596,0.5698187446118138,5.93801909747621
4.1404845702896,13,2,867000.0,no_additive,0.0,no_additive,0.0,82.0,180.0,0.5,8.93406177402611,0.9510489510489509,0.6170511705624181,5.93801909747621
4.67937314069805,13,2,867000.0,no_additive,0.0,no_additive,0.0,82.0,180.0,0.5,8.65093277230295,0.9370629370629368,0.6701876779095951,5.93801909747621
5.30640373607982,13,2,867000.0,no_additive,0.0,no_additive,0.0,82.0,180.0,0.5,8.21646915678128,0.9146852293214596,0.724800290064155,5.93801909747621
5.85604798635419,13,2,867000.0,no_additive,0.0,no_additive,0.0,82.0,180.0,0.5,7.65448614394441,0.883916041234156,0.767604626814585,5.93801909747621
6.6633592899836,13,2,867000.0,no_additive,0.0,no_additive,0.0,82.0,180.0,0.5,7.75372442094191,0.889510361464707,0.8236932311655415,5.93801909747621
7.45421237531053,13,2,867000.0,no_additive,0.0,no_additive,0.0,82.0,180.0,0.5,8.16371940557601,0.9118880692061841,0.872401761923529,5.93801909747621
8.42438840828145,13,2,867000.0,no_additive,0.0,no_additive,0.0,82.0,180.0,0.5,8.05923368958742,0.9062937489756339,0.9255383818816921,5.93801909747621
9.32865052147715,13,2,867000.0,no_additive,0.0,no_additive,0.0,82.0,180.0,0.5,7.85425315404061,0.8951048951048949,0.9698188234395042,5.93801909747621
10.5427817998704,13,2,867000.0,no_additive,0.0,no_additive,0.0,82.0,180.0,0.5,7.85425315404061,0.8951048951048949,1.022955218175693,5.93801909747621
11.7540529857547,13,2,867000.0,no_additive,0.0,no_additive,0.0,82.0,180.0,0.5,7.80382883042018,0.8923077349896196,1.0701876441262972,5.93801909747621
13.4199949771449,13,2,867000.0,no_additive,0.0,no_additive,0.0,82.0,180.0,0.5,7.60534432499607,0.8811188811188811,1.1277523532846379,5.93801909747621
15.3220486591533,13,2,867000.0,no_additive,0.0,no_additive,0.0,82.0,180.0,0.5,7.03967029818134,0.8475523195066647,1.1853168372210052,5.93801909747621
16.8517611267464,13,2,867000.0,no_additive,0.0,no_additive,0.0,82.0,180.0,0.5,7.50800144404017,0.875524347478693,1.2266452943860247,5.93801909747621
18.9804196172372,13,2,867000.0,no_additive,0.0,no_additive,0.0,82.0,180.0,0.5,6.99447559840088,0.8447551593913896,1.2783058095368043,5.93801909747621
21.3779631776657,13,2,867000.0,no_additive,0.0,no_additive,0.0,82.0,180.0,0.5,7.03967029818134,0.8475523195066647,1.3299663246875841,5.93801909747621
24.0783564769342,13,2,867000.0,no_additive,0.0,no_additive,0.0,82.0,180.0,0.5,6.81657638251369,0.8335663055206511,1.3816268398383658,5.93801909747621
27.119854488103,13,2,867000.0,no_additive,0.0,no_additive,0.0,82.0,180.0,0.5,6.94957104869872,0.8419579992761143,1.4332873549891463,5.93801909747621
30.3386244301313,13,2,867000.0,no_additive,0.0,no_additive,0.0,82.0,180.0,0.5,6.81657638251369,0.8335663055206511,1.481995885747135,5.93801909747621
34.1708986949565,13,2,867000.0,no_additive,0.0,no_additive,0.0,82.0,180.0,0.5,6.43267560893307,0.8083916510735359,1.5336564008979157,5.93801909747621
38.4872531155799,13,2,867000.0,no_additive,0.0,no_additive,0.0,82.0,180.0,0.5,6.4742402464589,0.8111888111888108,1.5853169160486962,5.93801909747621
43.7930830128512,13,2,867000.0,no_additive,0.0,no_additive,0.0,82.0,180.0,0.5,6.30957282470484,0.799999957318072,1.641405520399652,5.93801909747621
49.157516169684,13,2,867000.0,no_additive,0.0,no_additive,0.0,82.0,180.0,0.5,6.14909359473158,0.7888111034473336,1.69158993074305,5.93801909747621
55.3669303299618,13,2,867000.0,no_additive,0.0,no_additive,0.0,82.0,180.0,0.5,5.95422291048803,0.7748250894613196,1.7432504458938303,5.93801909747621
63.6454174614039,13,2,867000.0,no_additive,0.0,no_additive,0.0,82.0,180.0,0.5,5.99269603303735,0.7776222495765953,1.8037671394449624,5.93801909747621
68.8200997547063,13,2,867000.0,no_additive,0.0,no_additive,0.0,82.0,180.0,0.5,5.58281274772344,0.7468530614892914,1.8377152977950406,5.93801909747621
0.515530256725832,13,3,696000.0,no_additive,0.0,no_additive,0.0,81.0,180.0,0.5,22.4413364181531,1.3510487162983489,-0.2877458406744403,5.842609239610562
0.574760139586875,13,3,696000.0,no_additive,0.0,no_additive,0.0,81.0,180.0,0.5,22.2972739425978,1.348251769592712,-0.24051335841834273,5.842609239610562
0.647361931288365,13,3,696000.0,no_additive,0.0,no_additive,0.0,81.0,180.0,0.5,19.856469538689,1.2979020338792047,-0.1888528432675618,5.842609239610562
0.729134540162484,13,3,696000.0,no_additive,0.0,no_additive,0.0,81.0,180.0,0.5,20.3746742672055,1.3090906743403077,-0.13719232811678142,5.842609239610562
0.815673217669,13,3,696000.0,no_additive,0.0,no_additive,0.0,81.0,180.0,0.5,20.6388414465553,1.3146853146853132,-0.08848379735879354,5.842609239610562
0.912482661099097,13,3,696000.0,no_additive,0.0,no_additive,0.0,81.0,180.0,0.5,18.144343483121,1.2587412587412574,-0.039775379211792236,5.842609239610562
1.03475428361372,13,3,696000.0,no_additive,0.0,no_additive,0.0,81.0,180.0,0.5,19.856469538689,1.2979020338792047,0.01483723294276667,5.842609239610562
1.16546100766585,13,3,696000.0,no_additive,0.0,no_additive,0.0,81.0,180.0,0.5,17.5693318045323,1.2447552447552441,0.06649774809354607,5.842609239610562
1.29495352405761,13,3,696000.0,no_additive,0.0,no_additive,0.0,81.0,180.0,0.5,17.9121046701284,1.2531466183962512,0.11225418184775429,5.842609239610562
1.46349313372846,13,3,696000.0,no_additive,0.0,no_additive,0.0,81.0,180.0,0.5,17.682855780001,1.2475524048705195,0.16539068919493113,5.842609239610562
1.65396835691771,13,3,696000.0,no_additive,0.0,no_additive,0.0,81.0,180.0,0.5,17.4565323642348,1.2419579779351497,0.21852719654211103,5.842609239610562
1.83150301570848,13,3,696000.0,no_additive,0.0,no_additive,0.0,81.0,180.0,0.5,17.0125427985258,1.2307692307692284,0.2628076380999214,5.842609239610562
2.07692230411596,13,3,696000.0,no_additive,0.0,no_additive,0.0,81.0,180.0,0.5,16.15814978638,1.208391629732571,0.3174202502544811,5.842609239610562
2.31554207165465,13,3,696000.0,no_additive,0.0,no_additive,0.0,81.0,180.0,0.5,16.7947904863967,1.225174590424224,0.36465267620508746,5.842609239610562
2.63476132887936,13,3,696000.0,no_additive,0.0,no_additive,0.0,81.0,180.0,0.5,15.7471716850981,1.1972025624521943,0.4207412805560435,5.842609239610562
2.96757562828421,13,3,696000.0,no_additive,0.0,no_additive,0.0,81.0,180.0,0.5,15.1502393846095,1.1804194950557236,0.4724017957068243,5.842609239610562
3.34242992450936,13,3,696000.0,no_additive,0.0,no_additive,0.0,81.0,180.0,0.5,15.2481324304793,1.1832166551709984,0.5240623108576049,5.842609239610562
3.71380199010483,13,3,696000.0,no_additive,0.0,no_additive,0.0,81.0,180.0,0.5,15.2481324304793,1.1832166551709984,0.5698187446118138,5.842609239610562
4.1404845702896,13,3,696000.0,no_additive,0.0,no_additive,0.0,81.0,180.0,0.5,14.8603149751968,1.1720280147098994,0.6170511705624181,5.842609239610562
4.67937314069805,13,3,696000.0,no_additive,0.0,no_additive,0.0,81.0,180.0,0.5,14.3893773154135,1.1580420007238847,0.6701876779095951,5.842609239610562
5.30640373607982,13,3,696000.0,no_additive,0.0,no_additive,0.0,81.0,180.0,0.5,14.3893773154135,1.1580420007238847,0.724800290064155,5.842609239610562
5.85604798635419,13,3,696000.0,no_additive,0.0,no_additive,0.0,81.0,180.0,0.5,14.3893773154135,1.1580420007238847,0.767604626814585,5.842609239610562
6.6633592899836,13,3,696000.0,no_additive,0.0,no_additive,0.0,81.0,180.0,0.5,14.2969904539361,1.15524462719897,0.8236932311655415,5.842609239610562
7.45421237531053,13,3,696000.0,no_additive,0.0,no_additive,0.0,81.0,180.0,0.5,14.2969904539361,1.15524462719897,0.872401761923529,5.842609239610562
8.42438840828145,13,3,696000.0,no_additive,0.0,no_additive,0.0,81.0,180.0,0.5,13.8439050894901,1.1412586132129585,0.9255383818816921,5.842609239610562
9.32865052147715,13,3,696000.0,no_additive,0.0,no_additive,0.0,81.0,180.0,0.5,13.755027186434,1.1384614530976835,0.9698188234395042,5.842609239610562
10.5427817998704,13,3,696000.0,no_additive,0.0,no_additive,0.0,81.0,180.0,0.5,13.319117158669,1.1244754391116694,1.022955218175693,5.842609239610562
11.7540529857547,13,3,696000.0,no_additive,0.0,no_additive,0.0,81.0,180.0,0.5,13.0642342437462,1.116083958765841,1.0701876441262972,5.842609239610562
13.4199949771449,13,3,696000.0,no_additive,0.0,no_additive,0.0,81.0,180.0,0.5,12.8970215385188,1.1104894251256554,1.1277523532846379,5.842609239610562
15.3220486591533,13,3,696000.0,no_additive,0.0,no_additive,0.0,81.0,180.0,0.5,12.8970215385188,1.1104894251256554,1.1853168372210052,5.842609239610562
16.8517611267464,13,3,696000.0,no_additive,0.0,no_additive,0.0,81.0,180.0,0.5,12.6502161080688,1.1020979447798285,1.2266452943860247,5.842609239610562
18.9804196172372,13,3,696000.0,no_additive,0.0,no_additive,0.0,81.0,180.0,0.5,12.2493186049115,1.0881119307938127,1.2783058095368043,5.842609239610562
21.3779631776657,13,3,696000.0,no_additive,0.0,no_additive,0.0,81.0,180.0,0.5,12.0149021168379,1.0797202370383516,1.3299663246875841,5.842609239610562
24.0783564769342,13,3,696000.0,no_additive,0.0,no_additive,0.0,81.0,180.0,0.5,11.7849716815524,1.0713285432828878,1.3816268398383658,5.842609239610562
27.119854488103,13,3,696000.0,no_additive,0.0,no_additive,0.0,81.0,180.0,0.5,11.9377664171443,1.0769230769230744,1.4332873549891463,5.842609239610562
30.3386244301313,13,3,696000.0,no_additive,0.0,no_additive,0.0,81.0,180.0,0.5,11.6341383244907,1.065734223052335,1.481995885747135,5.842609239610562
34.1708986949565,13,3,696000.0,no_additive,0.0,no_additive,0.0,81.0,180.0,0.5,11.4852354516269,1.060139902821787,1.5336564008979157,5.842609239610562
38.4872531155799,13,3,696000.0,no_additive,0.0,no_additive,0.0,81.0,180.0,0.5,11.193117143059,1.048951048951048,1.5853169160486962,5.842609239610562
43.7930830128512,13,3,696000.0,no_additive,0.0,no_additive,0.0,81.0,180.0,0.5,10.9084286435324,1.0377621950803069,1.641405520399652,5.842609239610562
49.157516169684,13,3,696000.0,no_additive,0.0,no_additive,0.0,81.0,180.0,0.5,10.7688139752047,1.0321678748497567,1.69158993074305,5.842609239610562
55.3669303299618,13,3,696000.0,no_additive,0.0,no_additive,0.0,81.0,180.0,0.5,10.562730058686,1.023776181094295,1.7432504458938303,5.842609239610562
63.6454174614039,13,3,696000.0,no_additive,0.0,no_additive,0.0,81.0,180.0,0.5,10.2940749795979,1.0125873272235573,1.8037671394449624,5.842609239610562
68.8200997547063,13,3,696000.0,no_additive,0.0,no_additive,0.0,81.0,180.0,0.5,9.84026950429283,0.9930069930069932,1.8377152977950406,5.842609239610562
0.515530256725832,13,4,854000.0,no_additive,0.0,no_additive,0.0,77.0,180.0,0.5,59.3507907263683,1.7734265094036823,-0.2877458406744403,5.931457870689005
0.574760139586875,13,4,854000.0,no_additive,0.0,no_additive,0.0,77.0,180.0,0.5,56.7343619701475,1.7538461751871168,-0.24051335841834273,5.931457870689005
0.647361931288365,13,4,854000.0,no_additive,0.0,no_additive,0.0,77.0,180.0,0.5,53.5391297065148,1.7286713073303648,-0.1888528432675618,5.931457870689005
0.729134540162484,13,4,854000.0,no_additive,0.0,no_additive,0.0,77.0,180.0,0.5,49.8772062156563,1.6979021192430608,-0.13719232811678142,5.931457870689005
0.815673217669,13,4,854000.0,no_additive,0.0,no_additive,0.0,77.0,180.0,0.5,44.4173233214853,1.6475523835295562,-0.08848379735879354,5.931457870689005
0.912482661099097,13,4,854000.0,no_additive,0.0,no_additive,0.0,77.0,180.0,0.5,44.7043361775117,1.6503496503496504,-0.039775379211792236,5.931457870689005
1.03475428361372,13,4,854000.0,no_additive,0.0,no_additive,0.0,77.0,180.0,0.5,42.4592236805136,1.6279720493129914,0.01483723294276667,5.931457870689005
1.16546100766585,13,4,854000.0,no_additive,0.0,no_additive,0.0,77.0,180.0,0.5,38.5490790748583,1.5860140073549494,0.06649774809354607,5.931457870689005
1.29495352405761,13,4,854000.0,no_additive,0.0,no_additive,0.0,77.0,180.0,0.5,37.811361326903,1.5776223135994858,0.11225418184775429,5.931457870689005
1.46349313372846,13,4,854000.0,no_additive,0.0,no_additive,0.0,77.0,180.0,0.5,35.4527791784183,1.5496502856274579,0.16539068919493113,5.931457870689005
1.65396835691771,13,4,854000.0,no_additive,0.0,no_additive,0.0,77.0,180.0,0.5,35.4527791784183,1.5496502856274579,0.21852719654211103,5.931457870689005
1.83150301570848,13,4,854000.0,no_additive,0.0,no_additive,0.0,77.0,180.0,0.5,33.6722924428425,1.527272684590799,0.2628076380999214,5.931457870689005
2.07692230411596,13,4,854000.0,no_additive,0.0,no_additive,0.0,77.0,180.0,0.5,32.605185142019,1.513286670604786,0.3174202502544811,5.931457870689005
2.31554207165465,13,4,854000.0,no_additive,0.0,no_additive,0.0,77.0,180.0,0.5,30.9677084476193,1.4909090695681266,0.36465267620508746,5.931457870689005
2.63476132887936,13,4,854000.0,no_additive,0.0,no_additive,0.0,77.0,180.0,0.5,30.5713517933823,1.485314642632757,0.4207412805560435,5.931457870689005
2.96757562828421,13,4,854000.0,no_additive,0.0,no_additive,0.0,77.0,180.0,0.5,29.2236327635626,1.4657342017113741,0.4724017957068243,5.931457870689005
3.34242992450936,13,4,854000.0,no_additive,0.0,no_additive,0.0,77.0,180.0,0.5,28.1158238804059,1.448950814200448,0.5240623108576049,5.931457870689005
3.71380199010483,13,4,854000.0,no_additive,0.0,no_additive,0.0,77.0,180.0,0.5,27.0500363785454,1.4321678535087954,0.5698187446118138,5.931457870689005
4.1404845702896,13,4,854000.0,no_additive,0.0,no_additive,0.0,77.0,180.0,0.5,26.7038221297861,1.4265734265734258,0.6170511705624181,5.931457870689005
4.67937314069805,13,4,854000.0,no_additive,0.0,no_additive,0.0,77.0,180.0,0.5,25.3627199033011,1.4041958255367675,0.6701876779095951,5.931457870689005
5.30640373607982,13,4,854000.0,no_additive,0.0,no_additive,0.0,77.0,180.0,0.5,25.0381016700784,1.3986013986013983,0.724800290064155,5.931457870689005
5.85604798635419,13,4,854000.0,no_additive,0.0,no_additive,0.0,77.0,180.0,0.5,23.7806541880849,1.376223797564739,0.767604626814585,5.931457870689005
6.6633592899836,13,4,854000.0,no_additive,0.0,no_additive,0.0,77.0,180.0,0.5,23.1757997811962,1.3650347302843633,0.8236932311655415,5.931457870689005
7.45421237531053,13,4,854000.0,no_additive,0.0,no_additive,0.0,77.0,180.0,0.5,23.1757997811962,1.3650347302843633,0.872401761923529,5.931457870689005
8.42438840828145,13,4,854000.0,no_additive,0.0,no_additive,0.0,77.0,180.0,0.5,22.8791832486614,1.3594405167586319,0.9255383818816921,5.931457870689005
9.32865052147715,13,4,854000.0,no_additive,0.0,no_additive,0.0,77.0,180.0,0.5,22.0118904466429,1.3426573426573425,0.9698188234395042,5.931457870689005
10.5427817998704,13,4,854000.0,no_additive,0.0,no_additive,0.0,77.0,180.0,0.5,21.1774693494568,1.3258740618512332,1.022955218175693,5.931457870689005
11.7540529857547,13,4,854000.0,no_additive,0.0,no_additive,0.0,77.0,180.0,0.5,22.0118904466429,1.3426573426573425,1.0701876441262972,5.931457870689005
13.4199949771449,13,4,854000.0,no_additive,0.0,no_additive,0.0,77.0,180.0,0.5,19.7289812631029,1.2951046603542917,1.1277523532846379,5.931457870689005
15.3220486591533,13,4,854000.0,no_additive,0.0,no_additive,0.0,77.0,180.0,0.5,19.2271989403393,1.2839160198931925,1.1853168372210052,5.931457870689005
16.8517611267464,13,4,854000.0,no_additive,0.0,no_additive,0.0,77.0,180.0,0.5,19.7289812631029,1.2951046603542917,1.2266452943860247,5.931457870689005
18.9804196172372,13,4,854000.0,no_additive,0.0,no_additive,0.0,77.0,180.0,0.5,19.2271989403393,1.2839160198931925,1.2783058095368043,5.931457870689005
21.3779631776657,13,4,854000.0,no_additive,0.0,no_additive,0.0,77.0,180.0,0.5,18.4983346695397,1.2671326323822658,1.3299663246875841,5.931457870689005
24.0783564769342,13,4,854000.0,no_additive,0.0,no_additive,0.0,77.0,180.0,0.5,18.6178705318725,1.2699300059071768,1.3816268398383658,5.931457870689005
27.119854488103,13,4,854000.0,no_additive,0.0,no_additive,0.0,77.0,180.0,0.5,17.682855780001,1.2475524048705195,1.4332873549891463,5.931457870689005
30.3386244301313,13,4,854000.0,no_additive,0.0,no_additive,0.0,77.0,180.0,0.5,18.0278523261304,1.255943991921163,1.481995885747135,5.931457870689005
34.1708986949565,13,4,854000.0,no_additive,0.0,no_additive,0.0,77.0,180.0,0.5,17.2331099029594,1.236363657704598,1.5336564008979157,5.931457870689005
38.4872531155799,13,4,854000.0,no_additive,0.0,no_additive,0.0,77.0,180.0,0.5,17.2331099029594,1.236363657704598,1.5853169160486962,5.931457870689005
43.7930830128512,13,4,854000.0,no_additive,0.0,no_additive,0.0,77.0,180.0,0.5,17.0125427985258,1.2307692307692284,1.641405520399652,5.931457870689005
49.157516169684,13,4,854000.0,no_additive,0.0,no_additive,0.0,77.0,180.0,0.5,16.054410482437,1.2055943629124783,1.69158993074305,5.931457870689005
55.3669303299618,13,4,854000.0,no_additive,0.0,no_additive,0.0,77.0,180.0,0.5,15.5456307887078,1.1916083489264624,1.7432504458938303,5.931457870689005
63.6454174614039,13,4,854000.0,no_additive,0.0,no_additive,0.0,77.0,180.0,0.5,15.3466655520605,1.1860140286959115,1.8037671394449624,5.931457870689005
68.8200997547063,13,4,854000.0,no_additive,0.0,no_additive,0.0,77.0,180.0,0.5,14.6701137417242,1.1664334810697097,1.8377152977950406,5.931457870689005
0.515530256725832,13,5,649000.0,no_additive,0.0,no_additive,0.0,76.0,180.0,0.5,25.1998849906622,1.4013985587166728,-0.2877458406744403,5.812244696800369
0.574760139586875,13,5,649000.0,no_additive,0.0,no_additive,0.0,76.0,180.0,0.5,24.2446201708232,1.384615384615383,-0.24051335841834273,5.812244696800369
0.647361931288365,13,5,649000.0,no_additive,0.0,no_additive,0.0,76.0,180.0,0.5,23.3255613279294,1.3678321038092753,-0.1888528432675618,5.812244696800369
0.729134540162484,13,5,649000.0,no_additive,0.0,no_additive,0.0,76.0,180.0,0.5,22.0118904466429,1.3426573426573425,-0.13719232811678142,5.812244696800369
0.815673217669,13,5,649000.0,no_additive,0.0,no_additive,0.0,76.0,180.0,0.5,21.7301489047785,1.337062702312336,-0.08848379735879354,5.812244696800369
0.912482661099097,13,5,649000.0,no_additive,0.0,no_additive,0.0,76.0,180.0,0.5,22.2972739425978,1.348251769592712,-0.039775379211792236,5.812244696800369
1.03475428361372,13,5,649000.0,no_additive,0.0,no_additive,0.0,76.0,180.0,0.5,22.4413364181531,1.3510487162983489,0.01483723294276667,5.812244696800369
1.16546100766585,13,5,649000.0,no_additive,0.0,no_additive,0.0,76.0,180.0,0.5,20.9064234036232,1.3202797416206828,0.06649774809354607,5.812244696800369
1.29495352405761,13,5,649000.0,no_additive,0.0,no_additive,0.0,76.0,180.0,0.5,20.1139080675609,1.3034964608145743,0.11225418184775429,5.812244696800369
1.46349313372846,13,5,649000.0,no_additive,0.0,no_additive,0.0,76.0,180.0,0.5,19.856469538689,1.2979020338792047,0.16539068919493113,5.812244696800369
1.65396835691771,13,5,649000.0,no_additive,0.0,no_additive,0.0,76.0,180.0,0.5,19.4764789948768,1.28951044682856,0.21852719654211103,5.812244696800369
1.83150301570848,13,5,649000.0,no_additive,0.0,no_additive,0.0,76.0,180.0,0.5,19.856469538689,1.2979020338792047,0.2628076380999214,5.812244696800369
2.07692230411596,13,5,649000.0,no_additive,0.0,no_additive,0.0,76.0,180.0,0.5,19.4764789948768,1.28951044682856,0.3174202502544811,5.812244696800369
2.31554207165465,13,5,649000.0,no_additive,0.0,no_additive,0.0,76.0,180.0,0.5,19.4764789948768,1.28951044682856,0.36465267620508746,5.812244696800369
2.63476132887936,13,5,649000.0,no_additive,0.0,no_additive,0.0,76.0,180.0,0.5,19.856469538689,1.2979020338792047,0.4207412805560435,5.812244696800369
2.96757562828421,13,5,649000.0,no_additive,0.0,no_additive,0.0,76.0,180.0,0.5,18.6178705318725,1.2699300059071768,0.4724017957068243,5.812244696800369
3.34242992450936,13,5,649000.0,no_additive,0.0,no_additive,0.0,76.0,180.0,0.5,18.9811140924984,1.2783216996626405,0.5240623108576049,5.812244696800369
3.71380199010483,13,5,649000.0,no_additive,0.0,no_additive,0.0,76.0,180.0,0.5,18.8592506619663,1.275524432842546,0.5698187446118138,5.812244696800369
4.1404845702896,13,5,649000.0,no_additive,0.0,no_additive,0.0,76.0,180.0,0.5,18.3795843493052,1.2643356856766275,0.6170511705624181,5.812244696800369
4.67937314069805,13,5,649000.0,no_additive,0.0,no_additive,0.0,76.0,180.0,0.5,18.4983346695397,1.2671326323822658,0.6701876779095951,5.812244696800369
5.30640373607982,13,5,649000.0,no_additive,0.0,no_additive,0.0,76.0,180.0,0.5,18.0278523261304,1.255943991921163,0.724800290064155,5.812244696800369
5.85604798635419,13,5,649000.0,no_additive,0.0,no_additive,0.0,76.0,180.0,0.5,18.144343483121,1.2587412587412574,0.767604626814585,5.812244696800369
6.6633592899836,13,5,649000.0,no_additive,0.0,no_additive,0.0,76.0,180.0,0.5,17.9121046701284,1.2531466183962512,0.8236932311655415,5.812244696800369
7.45421237531053,13,5,649000.0,no_additive,0.0,no_additive,0.0,76.0,180.0,0.5,17.4565323642348,1.2419579779351497,0.872401761923529,5.812244696800369
8.42438840828145,13,5,649000.0,no_additive,0.0,no_additive,0.0,76.0,180.0,0.5,17.3444528626652,1.2391606044102381,0.9255383818816921,5.812244696800369
9.32865052147715,13,5,649000.0,no_additive,0.0,no_additive,0.0,76.0,180.0,0.5,17.4565323642348,1.2419579779351497,0.9698188234395042,5.812244696800369
10.5427817998704,13,5,649000.0,no_additive,0.0,no_additive,0.0,76.0,180.0,0.5,17.1224690901348,1.2335663908845045,1.022955218175693,5.812244696800369
11.7540529857547,13,5,649000.0,no_additive,0.0,no_additive,0.0,76.0,180.0,0.5,17.5693318045323,1.2447552447552441,1.0701876441262972,5.812244696800369
13.4199949771449,13,5,649000.0,no_additive,0.0,no_additive,0.0,76.0,180.0,0.5,16.9033180808724,1.227971963949137,1.1277523532846379,5.812244696800369
15.3220486591533,13,5,649000.0,no_additive,0.0,no_additive,0.0,76.0,180.0,0.5,16.7947904863967,1.225174590424224,1.1853168372210052,5.812244696800369
16.8517611267464,13,5,649000.0,no_additive,0.0,no_additive,0.0,76.0,180.0,0.5,16.5798415929062,1.2195803768984903,1.2266452943860247,5.812244696800369
18.9804196172372,13,5,649000.0,no_additive,0.0,no_additive,0.0,76.0,180.0,0.5,16.5798415929062,1.2195803768984903,1.2783058095368043,5.812244696800369
21.3779631776657,13,5,649000.0,no_additive,0.0,no_additive,0.0,76.0,180.0,0.5,16.15814978638,1.208391629732571,1.3299663246875841,5.812244696800369
24.0783564769342,13,5,649000.0,no_additive,0.0,no_additive,0.0,76.0,180.0,0.5,16.054410482437,1.2055943629124783,1.3816268398383658,5.812244696800369
27.119854488103,13,5,649000.0,no_additive,0.0,no_additive,0.0,76.0,180.0,0.5,15.6460786502393,1.194405509041738,1.4332873549891463,5.812244696800369
30.3386244301313,13,5,649000.0,no_additive,0.0,no_additive,0.0,76.0,180.0,0.5,15.4458278026823,1.1888111888111874,1.481995885747135,5.812244696800369
34.1708986949565,13,5,649000.0,no_additive,0.0,no_additive,0.0,76.0,180.0,0.5,15.3466655520605,1.1860140286959115,1.5336564008979157,5.812244696800369
38.4872531155799,13,5,649000.0,no_additive,0.0,no_additive,0.0,76.0,180.0,0.5,14.9563346788184,1.174825174825174,1.5853169160486962,5.812244696800369
43.7930830128512,13,5,649000.0,no_additive,0.0,no_additive,0.0,76.0,180.0,0.5,14.9563346788184,1.174825174825174,1.641405520399652,5.812244696800369
49.157516169684,13,5,649000.0,no_additive,0.0,no_additive,0.0,76.0,180.0,0.5,14.9563346788184,1.174825174825174,1.69158993074305,5.812244696800369
55.3669303299618,13,5,649000.0,no_additive,0.0,no_additive,0.0,76.0,180.0,0.5,14.2052037417805,1.152447467083696,1.7432504458938303,5.812244696800369
63.6454174614039,13,5,649000.0,no_additive,0.0,no_additive,0.0,76.0,180.0,0.5,14.3893773154135,1.1580420007238847,1.8037671394449624,5.812244696800369
68.8200997547063,13,5,649000.0,no_additive,0.0,no_additive,0.0,76.0,180.0,0.5,14.0233943470688,1.1468531468531449,1.8377152977950406,5.812244696800369
0.515530256725832,13,6,686000.0,no_additive,0.0,no_additive,0.0,77.0,180.0,0.5,15.3466655520605,1.1860140286959115,-0.2877458406744403,5.836324115706752
0.574760139586875,13,6,686000.0,no_additive,0.0,no_additive,0.0,77.0,180.0,0.5,14.5759315771882,1.1636363209544343,-0.24051335841834273,5.836324115706752
0.647361931288365,13,6,686000.0,no_additive,0.0,no_additive,0.0,77.0,180.0,0.5,13.8439050894901,1.1412586132129585,-0.1888528432675618,5.836324115706752
0.729134540162484,13,6,686000.0,no_additive,0.0,no_additive,0.0,77.0,180.0,0.5,13.148648598504,1.1188811188811185,-0.13719232811678142,5.836324115706752
0.815673217669,13,6,686000.0,no_additive,0.0,no_additive,0.0,77.0,180.0,0.5,13.2336083953562,1.121678278996392,-0.08848379735879354,5.836324115706752
0.912482661099097,13,6,686000.0,no_additive,0.0,no_additive,0.0,77.0,180.0,0.5,12.8970215385188,1.1104894251256554,-0.039775379211792236,5.836324115706752
1.03475428361372,13,6,686000.0,no_additive,0.0,no_additive,0.0,77.0,180.0,0.5,12.6502161080688,1.1020979447798285,0.01483723294276667,5.836324115706752
1.16546100766585,13,6,686000.0,no_additive,0.0,no_additive,0.0,77.0,180.0,0.5,12.1706719702214,1.0853145572689007,0.06649774809354607,5.836324115706752
1.29495352405761,13,6,686000.0,no_additive,0.0,no_additive,0.0,77.0,180.0,0.5,11.8611259288232,1.074125916807799,0.11225418184775429,5.836324115706752
1.46349313372846,13,6,686000.0,no_additive,0.0,no_additive,0.0,77.0,180.0,0.5,12.0149021168379,1.0797202370383516,0.16539068919493113,5.836324115706752
1.65396835691771,13,6,686000.0,no_additive,0.0,no_additive,0.0,77.0,180.0,0.5,11.9377664171443,1.0769230769230744,0.21852719654211103,5.836324115706752
1.83150301570848,13,6,686000.0,no_additive,0.0,no_additive,0.0,77.0,180.0,0.5,11.3382327835631,1.0545453691815985,0.2628076380999214,5.836324115706752
2.07692230411596,13,6,686000.0,no_additive,0.0,no_additive,0.0,77.0,180.0,0.5,11.2654413025719,1.0517482090663217,0.3174202502544811,5.836324115706752
2.31554207165465,13,6,686000.0,no_additive,0.0,no_additive,0.0,77.0,180.0,0.5,11.193117143059,1.048951048951048,0.36465267620508746,5.836324115706752
2.63476132887936,13,6,686000.0,no_additive,0.0,no_additive,0.0,77.0,180.0,0.5,11.2654413025719,1.0517482090663217,0.4207412805560435,5.836324115706752
2.96757562828421,13,6,686000.0,no_additive,0.0,no_additive,0.0,77.0,180.0,0.5,10.9789132925508,1.040559355195582,0.4724017957068243,5.836324115706752
3.34242992450936,13,6,686000.0,no_additive,0.0,no_additive,0.0,77.0,180.0,0.5,10.562730058686,1.023776181094295,0.5240623108576049,5.836324115706752
3.71380199010483,13,6,686000.0,no_additive,0.0,no_additive,0.0,77.0,180.0,0.5,10.562730058686,1.023776181094295,0.5698187446118138,5.836324115706752
4.1404845702896,13,6,686000.0,no_additive,0.0,no_additive,0.0,77.0,180.0,0.5,10.1623232937243,1.0069930069930064,0.6170511705624181,5.836324115706752
4.67937314069805,13,6,686000.0,no_additive,0.0,no_additive,0.0,77.0,180.0,0.5,10.4275399133434,1.0181818608637447,0.6701876779095951,5.836324115706752
5.30640373607982,13,6,686000.0,no_additive,0.0,no_additive,0.0,77.0,180.0,0.5,10.3605899915777,1.01538448733883,0.724800290064155,5.836324115706752
5.85604798635419,13,6,686000.0,no_additive,0.0,no_additive,0.0,77.0,180.0,0.5,9.96784585265026,0.9986013132375436,0.767604626814585,5.836324115706752
6.6633592899836,13,6,686000.0,no_additive,0.0,no_additive,0.0,77.0,180.0,0.5,10.0970811544084,1.0041958468777306,0.8236932311655415,5.836324115706752
7.45421237531053,13,6,686000.0,no_additive,0.0,no_additive,0.0,77.0,180.0,0.5,9.96784585265026,0.9986013132375436,0.872401761923529,5.836324115706752
8.42438840828145,13,6,686000.0,no_additive,0.0,no_additive,0.0,77.0,180.0,0.5,10.0322529399909,1.0013984733528172,0.9255383818816921,5.836324115706752
9.32865052147715,13,6,686000.0,no_additive,0.0,no_additive,0.0,77.0,180.0,0.5,9.77709495105838,0.9902098328917175,0.9698188234395042,5.836324115706752
10.5427817998704,13,6,686000.0,no_additive,0.0,no_additive,0.0,77.0,180.0,0.5,9.65195524018594,0.9846152992515296,1.022955218175693,5.836324115706752
11.7540529857547,13,6,686000.0,no_additive,0.0,no_additive,0.0,77.0,180.0,0.5,9.58998966496754,0.9818181391362542,1.0701876441262972,5.836324115706752
13.4199949771449,13,6,686000.0,no_additive,0.0,no_additive,0.0,77.0,180.0,0.5,9.52842190888698,0.9790209790209786,1.1277523532846379,5.836324115706752
15.3220486591533,13,6,686000.0,no_additive,0.0,no_additive,0.0,77.0,180.0,0.5,9.34607550474743,0.9706292852655157,1.1853168372210052,5.836324115706752
16.8517611267464,13,6,686000.0,no_additive,0.0,no_additive,0.0,77.0,180.0,0.5,9.22645706341172,0.9650349650349647,1.2266452943860247,5.836324115706752
18.9804196172372,13,6,686000.0,no_additive,0.0,no_additive,0.0,77.0,180.0,0.5,9.04988939202304,0.9566432712795019,1.2783058095368043,5.836324115706752
21.3779631776657,13,6,686000.0,no_additive,0.0,no_additive,0.0,77.0,180.0,0.5,8.99178908095811,0.9538461111642266,1.3299663246875841,5.836324115706752
24.0783564769342,13,6,686000.0,no_additive,0.0,no_additive,0.0,77.0,180.0,0.5,8.81971227523177,0.9454544174087628,1.3816268398383658,5.836324115706752
27.119854488103,13,6,686000.0,no_additive,0.0,no_additive,0.0,77.0,180.0,0.5,8.65093277230295,0.9370629370629368,1.4332873549891463,5.836324115706752
30.3386244301313,13,6,686000.0,no_additive,0.0,no_additive,0.0,77.0,180.0,0.5,8.54020711899571,0.9314684034227491,1.481995885747135,5.836324115706752
34.1708986949565,13,6,686000.0,no_additive,0.0,no_additive,0.0,77.0,180.0,0.5,8.32299747659683,0.9202797629616474,1.5336564008979157,5.836324115706752
38.4872531155799,13,6,686000.0,no_additive,0.0,no_additive,0.0,77.0,180.0,0.5,8.26955974971738,0.9174823894367351,1.5853169160486962,5.836324115706752
43.7930830128512,13,6,686000.0,no_additive,0.0,no_additive,0.0,77.0,180.0,0.5,8.11130830789687,0.9090909090909091,1.641405520399652,5.836324115706752
49.157516169684,13,6,686000.0,no_additive,0.0,no_additive,0.0,77.0,180.0,0.5,7.9560813545823,0.9006992153354456,1.69158993074305,5.836324115706752
55.3669303299618,13,6,686000.0,no_additive,0.0,no_additive,0.0,77.0,180.0,0.5,7.75372442094191,0.889510361464707,1.7432504458938303,5.836324115706752
63.6454174614039,13,6,686000.0,no_additive,0.0,no_additive,0.0,77.0,180.0,0.5,7.50800144404017,0.875524347478693,1.8037671394449624,5.836324115706752
68.8200997547063,13,6,686000.0,no_additive,0.0,no_additive,0.0,77.0,180.0,0.5,7.31704468080631,0.8643357070175917,1.8377152977950406,5.836324115706752
0.515530256725832,13,7,845000.0,no_additive,0.0,no_additive,0.0,78.0,180.0,0.5,6.68613013465275,0.8251748251748248,-0.2877458406744403,5.926856708949693
0.574760139586875,13,7,845000.0,no_additive,0.0,no_additive,0.0,78.0,180.0,0.5,6.4742402464589,0.8111888111888108,-0.24051335841834273,5.926856708949693
0.647361931288365,13,7,845000.0,no_additive,0.0,no_additive,0.0,78.0,180.0,0.5,6.26906535241183,0.7972027972027969,-0.1888528432675618,5.926856708949693
0.729134540162484,13,7,845000.0,no_additive,0.0,no_additive,0.0,78.0,180.0,0.5,5.91599678547547,0.772027929346044,-0.13719232811678142,5.926856708949693
0.815673217669,13,7,845000.0,no_additive,0.0,no_additive,0.0,78.0,180.0,0.5,5.87801607227491,0.769230769230769,-0.08848379735879354,5.926856708949693
0.912482661099097,13,7,845000.0,no_additive,0.0,no_additive,0.0,78.0,180.0,0.5,5.84027919534193,0.7664336091154935,-0.039775379211792236,5.926856708949693
1.03475428361372,13,7,845000.0,no_additive,0.0,no_additive,0.0,78.0,180.0,0.5,5.54697107682458,0.7440559013740162,0.01483723294276667,5.926856708949693
1.16546100766585,13,7,845000.0,no_additive,0.0,no_additive,0.0,78.0,180.0,0.5,5.37118223371019,0.7300698873880024,0.06649774809354607,5.926856708949693
1.29495352405761,13,7,845000.0,no_additive,0.0,no_additive,0.0,78.0,180.0,0.5,5.30243760965916,0.724475567157452,0.11225418184775429,5.926856708949693
1.46349313372846,13,7,845000.0,no_additive,0.0,no_additive,0.0,78.0,180.0,0.5,5.47597656859415,0.7384615811434653,0.16539068919493113,5.926856708949693
1.65396835691771,13,7,845000.0,no_additive,0.0,no_additive,0.0,78.0,180.0,0.5,5.16757410491481,0.7132867132867129,0.21852719654211103,5.926856708949693
1.83150301570848,13,7,845000.0,no_additive,0.0,no_additive,0.0,78.0,180.0,0.5,5.0686817001529,0.7048950195312496,0.2628076380999214,5.926856708949693
2.07692230411596,13,7,845000.0,no_additive,0.0,no_additive,0.0,78.0,180.0,0.5,4.90805030693947,0.6909090055452362,0.3174202502544811,5.926856708949693
2.31554207165465,13,7,845000.0,no_additive,0.0,no_additive,0.0,78.0,180.0,0.5,4.93976360081103,0.6937061656605116,0.36465267620508746,5.926856708949693
2.63476132887936,13,7,845000.0,no_additive,0.0,no_additive,0.0,78.0,180.0,0.5,4.75250947691624,0.6769229915592219,0.4207412805560435,5.926856708949693
2.96757562828421,13,7,845000.0,no_additive,0.0,no_additive,0.0,78.0,180.0,0.5,4.66156249790525,0.6685315112133955,0.4724017957068243,5.926856708949693
3.34242992450936,13,7,845000.0,no_additive,0.0,no_additive,0.0,78.0,180.0,0.5,4.69168311447426,0.6713286713286711,0.5240623108576049,5.926856708949693
3.71380199010483,13,7,845000.0,no_additive,0.0,no_additive,0.0,78.0,180.0,0.5,4.66156249790525,0.6685315112133955,0.5698187446118138,5.926856708949693
4.1404845702896,13,7,845000.0,no_additive,0.0,no_additive,0.0,78.0,180.0,0.5,4.39902715997222,0.6433566433566426,0.6170511705624181,5.926856708949693
4.67937314069805,13,7,845000.0,no_additive,0.0,no_additive,0.0,78.0,180.0,0.5,4.37078539531566,0.6405594832413678,0.6701876779095951,5.926856708949693
5.30640373607982,13,7,845000.0,no_additive,0.0,no_additive,0.0,78.0,180.0,0.5,4.39902715997222,0.6433566433566426,0.724800290064155,5.926856708949693
5.85604798635419,13,7,845000.0,no_additive,0.0,no_additive,0.0,78.0,180.0,0.5,4.25961776256051,0.6293706293706288,0.767604626814585,5.926856708949693
6.6633592899836,13,7,845000.0,no_additive,0.0,no_additive,0.0,78.0,180.0,0.5,4.37078539531566,0.6405594832413678,0.8236932311655415,5.926856708949693
7.45421237531053,13,7,845000.0,no_additive,0.0,no_additive,0.0,78.0,180.0,0.5,3.74478228299975,0.5734265734265728,0.872401761923529,5.926856708949693
8.42438840828145,13,7,845000.0,no_additive,0.0,no_additive,0.0,78.0,180.0,0.5,3.35640220575615,0.5258739978283433,0.9255383818816921,5.926856708949693
9.32865052147715,13,7,845000.0,no_additive,0.0,no_additive,0.0,78.0,180.0,0.5,3.84251372389182,0.5846154272973114,0.9698188234395042,5.926856708949693
10.5427817998704,13,7,845000.0,no_additive,0.0,no_additive,0.0,78.0,180.0,0.5,3.86734206902084,0.5874125874125867,1.022955218175693,5.926856708949693
11.7540529857547,13,7,845000.0,no_additive,0.0,no_additive,0.0,78.0,180.0,0.5,3.55671335530879,0.5510488656850951,1.0701876441262972,5.926856708949693
13.4199949771449,13,7,845000.0,no_additive,0.0,no_additive,0.0,78.0,180.0,0.5,3.44399769168627,0.5370628516990819,1.1277523532846379,5.926856708949693
15.3220486591533,13,7,845000.0,no_additive,0.0,no_additive,0.0,78.0,180.0,0.5,3.72074077198366,0.5706294133112975,1.1853168372210052,5.926856708949693
16.8517611267464,13,7,845000.0,no_additive,0.0,no_additive,0.0,78.0,180.0,0.5,3.48864987506861,0.5426573853392692,1.2266452943860247,5.926856708949693
18.9804196172372,13,7,845000.0,no_additive,0.0,no_additive,0.0,78.0,180.0,0.5,3.46625103141569,0.5398600118143568,1.2783058095368043,5.926856708949693
21.3779631776657,13,7,845000.0,no_additive,0.0,no_additive,0.0,78.0,180.0,0.5,3.20843809034831,0.5062936636117789,1.3299663246875841,5.926856708949693
24.0783564769342,13,7,845000.0,no_additive,0.0,no_additive,0.0,78.0,180.0,0.5,3.27103625236639,0.514685357367242,1.3816268398383658,5.926856708949693
27.119854488103,13,7,845000.0,no_additive,0.0,no_additive,0.0,78.0,180.0,0.5,3.1067596045053,0.4923076496257645,1.4332873549891463,5.926856708949693
30.3386244301313,13,7,845000.0,no_additive,0.0,no_additive,0.0,78.0,180.0,0.5,2.98899009266108,0.475524475524475,1.481995885747135,5.926856708949693
34.1708986949565,13,7,845000.0,no_additive,0.0,no_additive,0.0,78.0,180.0,0.5,2.87568492942623,0.4587413014231852,1.5336564008979157,5.926856708949693
38.4872531155799,13,7,845000.0,no_additive,0.0,no_additive,0.0,78.0,180.0,0.5,2.93178947742623,0.46713278176901096,1.5853169160486962,5.926856708949693
43.7930830128512,13,7,845000.0,no_additive,0.0,no_additive,0.0,78.0,180.0,0.5,2.89426612471675,0.4615384615384614,1.641405520399652,5.926856708949693
49.157516169684,13,7,845000.0,no_additive,0.0,no_additive,0.0,78.0,180.0,0.5,2.64470709122974,0.42237757969569456,1.69158993074305,5.926856708949693
55.3669303299618,13,7,845000.0,no_additive,0.0,no_additive,0.0,78.0,180.0,0.5,2.5281174451511,0.4027972454791287,1.7432504458938303,5.926856708949693
63.6454174614039,13,7,845000.0,no_additive,0.0,no_additive,0.0,78.0,180.0,0.5,2.28056171857195,0.35804182999617584,1.8037671394449624,5.926856708949693
68.8200997547063,13,7,845000.0,no_additive,0.0,no_additive,0.0,78.0,180.0,0.5,2.00492335111826,0.3020977740521189,1.8377152977950406,5.926856708949693
0.515530256725832,13,8,1130000.0,no_additive,0.0,no_additive,0.0,79.0,180.0,0.5,8.54020711899571,0.9314684034227491,-0.2877458406744403,6.05307844348342
0.574760139586875,13,8,1130000.0,no_additive,0.0,no_additive,0.0,79.0,180.0,0.5,8.21646915678128,0.9146852293214596,-0.24051335841834273,6.05307844348342
0.647361931288365,13,8,1130000.0,no_additive,0.0,no_additive,0.0,79.0,180.0,0.5,7.90500329367621,0.8979020552201703,-0.1888528432675618,6.05307844348342
0.729134540162484,13,8,1130000.0,no_additive,0.0,no_additive,0.0,79.0,180.0,0.5,7.70394549202311,0.8867132013494313,-0.13719232811678142,6.05307844348342
0.815673217669,13,8,1130000.0,no_additive,0.0,no_additive,0.0,79.0,180.0,0.5,7.55651799664031,0.8783217210036055,-0.08848379735879354,6.05307844348342
0.912482661099097,13,8,1130000.0,no_additive,0.0,no_additive,0.0,79.0,180.0,0.5,7.31704468080631,0.8643357070175917,-0.039775379211792236,6.05307844348342
1.03475428361372,13,8,1130000.0,no_additive,0.0,no_additive,0.0,79.0,180.0,0.5,7.22339182580384,0.8587411733774035,0.01483723294276667,6.05307844348342
1.16546100766585,13,8,1130000.0,no_additive,0.0,no_additive,0.0,79.0,180.0,0.5,7.13094116339257,0.8531468531468532,0.06649774809354607,6.05307844348342
1.29495352405761,13,8,1130000.0,no_additive,0.0,no_additive,0.0,79.0,180.0,0.5,6.99447559840088,0.8447551593913896,0.11225418184775429,6.05307844348342
1.46349313372846,13,8,1130000.0,no_additive,0.0,no_additive,0.0,79.0,180.0,0.5,6.77281394619364,0.8307691454053758,0.16539068919493113,6.05307844348342
1.65396835691771,13,8,1130000.0,no_additive,0.0,no_additive,0.0,79.0,180.0,0.5,6.55817696472375,0.8167831314193618,0.21852719654211103,6.05307844348342
1.83150301570848,13,8,1130000.0,no_additive,0.0,no_additive,0.0,79.0,180.0,0.5,6.26906535241183,0.7972027972027969,0.2628076380999214,6.05307844348342
2.07692230411596,13,8,1130000.0,no_additive,0.0,no_additive,0.0,79.0,180.0,0.5,6.22881793818569,0.7944056370875215,0.3174202502544811,6.05307844348342
2.31554207165465,13,8,1130000.0,no_additive,0.0,no_additive,0.0,79.0,180.0,0.5,6.26906535241183,0.7972027972027969,0.36465267620508746,6.05307844348342
2.63476132887936,13,8,1130000.0,no_additive,0.0,no_additive,0.0,79.0,180.0,0.5,6.18882587130131,0.7916082635626092,0.4207412805560435,6.05307844348342
2.96757562828421,13,8,1130000.0,no_additive,0.0,no_additive,0.0,79.0,180.0,0.5,6.35034203542604,0.8027971174333474,0.4724017957068243,6.05307844348342
3.34242992450936,13,8,1130000.0,no_additive,0.0,no_additive,0.0,79.0,180.0,0.5,6.22881793818569,0.7944056370875215,0.5240623108576049,6.05307844348342
3.71380199010483,13,8,1130000.0,no_additive,0.0,no_additive,0.0,79.0,180.0,0.5,6.07039264789507,0.783216783216783,0.5698187446118138,6.05307844348342
4.1404845702896,13,8,1130000.0,no_additive,0.0,no_additive,0.0,79.0,180.0,0.5,6.03142071289663,0.7804196231015075,0.6170511705624181,6.05307844348342
4.67937314069805,13,8,1130000.0,no_additive,0.0,no_additive,0.0,79.0,180.0,0.5,5.80278173779517,0.7636362355905806,0.6701876779095951,6.05307844348342
5.30640373607982,13,8,1130000.0,no_additive,0.0,no_additive,0.0,79.0,180.0,0.5,5.65519513613283,0.7524475951294802,0.724800290064155,6.05307844348342
5.85604798635419,13,8,1130000.0,no_additive,0.0,no_additive,0.0,79.0,180.0,0.5,5.80278173779517,0.7636362355905806,0.767604626814585,6.05307844348342
6.6633592899836,13,8,1130000.0,no_additive,0.0,no_additive,0.0,79.0,180.0,0.5,5.72851316308339,0.7580419153600304,0.8236932311655415,6.05307844348342
7.45421237531053,13,8,1130000.0,no_additive,0.0,no_additive,0.0,79.0,180.0,0.5,5.40588804762056,0.7328670475032781,0.872401761923529,6.05307844348342
8.42438840828145,13,8,1130000.0,no_additive,0.0,no_additive,0.0,79.0,180.0,0.5,5.33669923120631,0.7272727272727273,0.9255383818816921,6.05307844348342
9.32865052147715,13,8,1130000.0,no_additive,0.0,no_additive,0.0,79.0,180.0,0.5,5.54697107682458,0.7440559013740162,0.9698188234395042,6.05307844348342
10.5427817998704,13,8,1130000.0,no_additive,0.0,no_additive,0.0,79.0,180.0,0.5,5.54697107682458,0.7440559013740162,1.022955218175693,6.05307844348342
11.7540529857547,13,8,1130000.0,no_additive,0.0,no_additive,0.0,79.0,180.0,0.5,5.47597656859415,0.7384615811434653,1.0701876441262972,6.05307844348342
13.4199949771449,13,8,1130000.0,no_additive,0.0,no_additive,0.0,79.0,180.0,0.5,5.30243760965916,0.724475567157452,1.1277523532846379,6.05307844348342
15.3220486591533,13,8,1130000.0,no_additive,0.0,no_additive,0.0,79.0,180.0,0.5,5.13439826707405,0.710489553171438,1.1853168372210052,6.05307844348342
16.8517611267464,13,8,1130000.0,no_additive,0.0,no_additive,0.0,79.0,180.0,0.5,5.03614075178202,0.7020978594159744,1.2266452943860247,6.05307844348342
18.9804196172372,13,8,1130000.0,no_additive,0.0,no_additive,0.0,79.0,180.0,0.5,5.10143291137644,0.7076921796465248,1.2783058095368043,6.05307844348342
21.3779631776657,13,8,1130000.0,no_additive,0.0,no_additive,0.0,79.0,180.0,0.5,5.03614075178202,0.7020978594159744,1.3299663246875841,6.05307844348342
24.0783564769342,13,8,1130000.0,no_additive,0.0,no_additive,0.0,79.0,180.0,0.5,4.84523321035009,0.6853146853146851,1.3816268398383658,6.05307844348342
27.119854488103,13,8,1130000.0,no_additive,0.0,no_additive,0.0,79.0,180.0,0.5,4.87654061248874,0.6881118454299605,1.4332873549891463,6.05307844348342
30.3386244301313,13,8,1130000.0,no_additive,0.0,no_additive,0.0,79.0,180.0,0.5,4.84523321035009,0.6853146853146851,1.481995885747135,6.05307844348342
34.1708986949565,13,8,1130000.0,no_additive,0.0,no_additive,0.0,79.0,180.0,0.5,4.75250947691624,0.6769229915592219,1.5336564008979157,6.05307844348342
38.4872531155799,13,8,1130000.0,no_additive,0.0,no_additive,0.0,79.0,180.0,0.5,4.60189788524456,0.6629369775732074,1.5853169160486962,6.05307844348342
43.7930830128512,13,8,1130000.0,no_additive,0.0,no_additive,0.0,79.0,180.0,0.5,4.51383310338292,0.654545497227382,1.641405520399652,6.05307844348342
49.157516169684,13,8,1130000.0,no_additive,0.0,no_additive,0.0,79.0,180.0,0.5,4.48485208047185,0.6517481237024692,1.69158993074305,6.05307844348342
55.3669303299618,13,8,1130000.0,no_additive,0.0,no_additive,0.0,79.0,180.0,0.5,4.28714121921571,0.6321677894859039,1.7432504458938303,6.05307844348342
63.6454174614039,13,8,1130000.0,no_additive,0.0,no_additive,0.0,79.0,180.0,0.5,4.09814627187542,0.6125874552693402,1.8037671394449624,6.05307844348342
68.8200997547063,13,8,1130000.0,no_additive,0.0,no_additive,0.0,79.0,180.0,0.5,3.96827207890253,0.5986014412833259,1.8377152977950406,6.05307844348342
0.98,21,1b,350000.0,no_additive,0.0,no_additive,0.0,3.0,180.0,0.8,311.41,2.4933325545233282,-0.00877392430750515,5.544068044350276
1.32,21,1b,350000.0,no_additive,0.0,no_additive,0.0,3.0,180.0,0.8,288.4,2.4599952560473914,0.12057393120584989,5.544068044350276
1.79,21,1b,350000.0,no_additive,0.0,no_additive,0.0,3.0,180.0,0.8,259.02,2.4133332990399112,0.2528530309798932,5.544068044350276
2.44,21,1b,350000.0,no_additive,0.0,no_additive,0.0,3.0,180.0,0.8,251.19,2.400002345927956,0.3873898263387294,5.544068044350276
3.32,21,1b,350000.0,no_additive,0.0,no_additive,0.0,3.0,180.0,0.8,236.23,2.373335049954568,0.5211380837040362,5.544068044350276
4.42,21,1b,350000.0,no_additive,0.0,no_additive,0.0,3.0,180.0,0.8,229.09,2.3600061322290986,0.6454222693490919,5.544068044350276
6.27,21,1b,350000.0,no_additive,0.0,no_additive,0.0,3.0,180.0,0.8,225.6,2.3533390953113047,0.7972675408307164,5.544068044350276
8.36,21,1b,350000.0,no_additive,0.0,no_additive,0.0,3.0,180.0,0.8,215.44,2.333326340403454,0.9222062774390164,5.544068044350276
11.49,21,1b,350000.0,no_additive,0.0,no_additive,0.0,3.0,180.0,0.8,205.75,2.3133398438843074,1.0603200286882852,5.544068044350276
15.31,21,1b,350000.0,no_additive,0.0,no_additive,0.0,3.0,180.0,0.8,199.53,2.300008202553813,1.184975190698261,5.544068044350276
21.25,21,1b,350000.0,no_additive,0.0,no_additive,0.0,3.0,180.0,0.8,193.49,2.2866585246156865,1.3273589343863303,5.544068044350276
28.32,21,1b,350000.0,no_additive,0.0,no_additive,0.0,3.0,180.0,0.8,184.78,2.2666549627732238,1.4520932490177314,5.544068044350276
38.13,21,1b,350000.0,no_additive,0.0,no_additive,0.0,3.0,180.0,0.8,179.2,2.2533380053261065,1.5812668052736707,5.544068044350276
52.41,21,1b,350000.0,no_additive,0.0,no_additive,0.0,3.0,180.0,0.8,168.53,2.2266772207845555,1.7194141597025934,5.544068044350276
70.56,21,1b,350000.0,no_additive,0.0,no_additive,0.0,3.0,180.0,0.8,160.94,2.206663996990936,1.8485585721237634,5.544068044350276
95.0,21,1b,350000.0,no_additive,0.0,no_additive,0.0,3.0,180.0,0.8,151.36,2.1800111190577174,1.9777236052888478,5.544068044350276
130.56,21,1b,350000.0,no_additive,0.0,no_additive,0.0,3.0,180.0,0.8,138.04,2.140004950619449,2.115810141409786,5.544068044350276
181.28,21,1b,350000.0,no_additive,0.0,no_additive,0.0,3.0,180.0,0.8,129.82,2.113341604795105,2.258349892519322,5.544068044350276
249.0,21,1b,350000.0,no_additive,0.0,no_additive,0.0,3.0,180.0,0.8,114.82,2.0600175425316003,2.3961993470957363,5.544068044350276
0.98,21,2b,350000.0,plasticizers_and_flexibility_enhancers,10.0,no_additive,0.0,3.0,180.0,0.8,122.09,2.0866800937346244,-0.00877392430750515,5.544068044350276
1.32,21,2b,350000.0,plasticizers_and_flexibility_enhancers,10.0,no_additive,0.0,3.0,180.0,0.8,125.89,2.0999912335446846,0.12057393120584989,5.544068044350276
1.79,21,2b,350000.0,plasticizers_and_flexibility_enhancers,10.0,no_additive,0.0,3.0,180.0,0.8,118.39,2.073315020560628,0.2528530309798932,5.544068044350276
2.44,21,2b,350000.0,plasticizers_and_flexibility_enhancers,10.0,no_additive,0.0,3.0,180.0,0.8,116.59,2.0666613023006772,0.3873898263387294,5.544068044350276
3.32,21,2b,350000.0,plasticizers_and_flexibility_enhancers,10.0,no_additive,0.0,3.0,180.0,0.8,109.65,2.0400086360135417,0.5211380837040362,5.544068044350276
4.42,21,2b,350000.0,plasticizers_and_flexibility_enhancers,10.0,no_additive,0.0,3.0,180.0,0.8,104.71,2.019988159591285,0.6454222693490919,5.544068044350276
6.27,21,2b,350000.0,plasticizers_and_flexibility_enhancers,10.0,no_additive,0.0,3.0,180.0,0.8,100.0,2.0,0.7972675408307164,5.544068044350276
8.36,21,2b,350000.0,plasticizers_and_flexibility_enhancers,10.0,no_additive,0.0,3.0,180.0,0.8,96.98,1.9866821797795056,0.9222062774390164,5.544068044350276
11.49,21,2b,350000.0,plasticizers_and_flexibility_enhancers,10.0,no_additive,0.0,3.0,180.0,0.8,92.61,1.966657884201758,1.0603200286882852,5.544068044350276
15.31,21,2b,350000.0,plasticizers_and_flexibility_enhancers,10.0,no_additive,0.0,3.0,180.0,0.8,89.81,1.9533246963891853,1.184975190698261,5.544068044350276
21.25,21,2b,350000.0,plasticizers_and_flexibility_enhancers,10.0,no_additive,0.0,3.0,180.0,0.8,89.81,1.9533246963891853,1.3273589343863303,5.544068044350276
28.32,21,2b,350000.0,plasticizers_and_flexibility_enhancers,10.0,no_additive,0.0,3.0,180.0,0.8,85.77,1.9333354100776512,1.4520932490177314,5.544068044350276
38.13,21,2b,350000.0,plasticizers_and_flexibility_enhancers,10.0,no_additive,0.0,3.0,180.0,0.8,81.91,1.9133369259326232,1.5812668052736707,5.544068044350276
52.41,21,2b,350000.0,plasticizers_and_flexibility_enhancers,10.0,no_additive,0.0,3.0,180.0,0.8,80.66,1.9066582176715998,1.7194141597025934,5.544068044350276
70.56,21,2b,350000.0,plasticizers_and_flexibility_enhancers,10.0,no_additive,0.0,3.0,180.0,0.8,79.43,1.899984562549391,1.8485585721237634,5.544068044350276
95.0,21,2b,350000.0,plasticizers_and_flexibility_enhancers,10.0,no_additive,0.0,3.0,180.0,0.8,74.7,1.8733206018153987,1.9777236052888478,5.544068044350276
130.56,21,2b,350000.0,plasticizers_and_flexibility_enhancers,10.0,no_additive,0.0,3.0,180.0,0.8,70.25,1.8466463285771175,2.115810141409786,5.544068044350276
181.28,21,2b,350000.0,plasticizers_and_flexibility_enhancers,10.0,no_additive,0.0,3.0,180.0,0.8,66.07,1.8200043068083178,2.258349892519322,5.544068044350276
249.0,21,2b,350000.0,plasticizers_and_flexibility_enhancers,10.0,no_additive,0.0,3.0,180.0,0.8,61.19,1.7866804531966487,2.3961993470957363,5.544068044350276
0.98,21,3b,350000.0,plasticizers_and_flexibility_enhancers,30.0,no_additive,0.0,3.0,180.0,0.8,45.71,1.6600112212893308,-0.00877392430750515,5.544068044350276
1.32,21,3b,350000.0,plasticizers_and_flexibility_enhancers,30.0,no_additive,0.0,3.0,180.0,0.8,45.01,1.6533090129384789,0.12057393120584989,5.544068044350276
1.79,21,3b,350000.0,plasticizers_and_flexibility_enhancers,30.0,no_additive,0.0,3.0,180.0,0.8,44.33,1.6466977312993345,0.2528530309798932,5.544068044350276
2.44,21,3b,350000.0,plasticizers_and_flexibility_enhancers,30.0,no_additive,0.0,3.0,180.0,0.8,41.69,1.6200318951262973,0.3873898263387294,5.544068044350276
3.32,21,3b,350000.0,plasticizers_and_flexibility_enhancers,30.0,no_additive,0.0,3.0,180.0,0.8,39.81,1.599992177584098,0.5211380837040362,5.544068044350276
4.42,21,3b,350000.0,plasticizers_and_flexibility_enhancers,30.0,no_additive,0.0,3.0,180.0,0.8,38.02,1.5800121125294244,0.6454222693490919,5.544068044350276
6.27,21,3b,350000.0,plasticizers_and_flexibility_enhancers,30.0,no_additive,0.0,3.0,180.0,0.8,36.87,1.5666731376061165,0.7972675408307164,5.544068044350276
8.36,21,3b,350000.0,plasticizers_and_flexibility_enhancers,30.0,no_additive,0.0,3.0,180.0,0.8,35.75,1.5532760461370994,0.9222062774390164,5.544068044350276
11.49,21,3b,350000.0,plasticizers_and_flexibility_enhancers,30.0,no_additive,0.0,3.0,180.0,0.8,34.67,1.5399538416563967,1.0603200286882852,5.544068044350276
15.31,21,3b,350000.0,plasticizers_and_flexibility_enhancers,30.0,no_additive,0.0,3.0,180.0,0.8,33.11,1.5199591807520685,1.184975190698261,5.544068044350276
21.25,21,3b,350000.0,plasticizers_and_flexibility_enhancers,30.0,no_additive,0.0,3.0,180.0,0.8,31.14,1.4933186082321015,1.3273589343863303,5.544068044350276
28.32,21,3b,350000.0,plasticizers_and_flexibility_enhancers,30.0,no_additive,0.0,3.0,180.0,0.8,31.14,1.4933186082321015,1.4520932490177314,5.544068044350276
38.13,21,3b,350000.0,plasticizers_and_flexibility_enhancers,30.0,no_additive,0.0,3.0,180.0,0.8,30.67,1.4867137759824856,1.5812668052736707,5.544068044350276
52.41,21,3b,350000.0,plasticizers_and_flexibility_enhancers,30.0,no_additive,0.0,3.0,180.0,0.8,31.14,1.4933186082321015,1.7194141597025934,5.544068044350276
70.56,21,3b,350000.0,plasticizers_and_flexibility_enhancers,30.0,no_additive,0.0,3.0,180.0,0.8,29.74,1.4733409641859354,1.8485585721237634,5.544068044350276
95.0,21,3b,350000.0,plasticizers_and_flexibility_enhancers,30.0,no_additive,0.0,3.0,180.0,0.8,28.84,1.4599952560473914,1.9777236052888478,5.544068044350276
130.56,21,3b,350000.0,plasticizers_and_flexibility_enhancers,30.0,no_additive,0.0,3.0,180.0,0.8,27.54,1.4399639359209049,2.115810141409786,5.544068044350276
181.28,21,3b,350000.0,plasticizers_and_flexibility_enhancers,30.0,no_additive,0.0,3.0,180.0,0.8,26.3,1.4199557484897578,2.258349892519322,5.544068044350276
249.0,21,3b,350000.0,plasticizers_and_flexibility_enhancers,30.0,no_additive,0.0,3.0,180.0,0.8,24.74,1.3933996952931018,2.3961993470957363,5.544068044350276
0.98,21,4b,350000.0,plasticizers_and_flexibility_enhancers,50.0,no_additive,0.0,3.0,180.0,0.8,27.97,1.4466924663715273,-0.00877392430750515,5.544068044350276
1.32,21,4b,350000.0,plasticizers_and_flexibility_enhancers,50.0,no_additive,0.0,3.0,180.0,0.8,26.3,1.4199557484897578,0.12057393120584989,5.544068044350276
1.79,21,4b,350000.0,plasticizers_and_flexibility_enhancers,50.0,no_additive,0.0,3.0,180.0,0.8,23.99,1.3800302479678306,0.2528530309798932,5.544068044350276
2.44,21,4b,350000.0,plasticizers_and_flexibility_enhancers,50.0,no_additive,0.0,3.0,180.0,0.8,23.26,1.3666097103924297,0.3873898263387294,5.544068044350276
3.32,21,4b,350000.0,plasticizers_and_flexibility_enhancers,50.0,no_additive,0.0,3.0,180.0,0.8,21.88,1.3400473176613932,0.5211380837040362,5.544068044350276
4.42,21,4b,350000.0,plasticizers_and_flexibility_enhancers,50.0,no_additive,0.0,3.0,180.0,0.8,20.89,1.3199384399803087,0.6454222693490919,5.544068044350276
6.27,21,4b,350000.0,plasticizers_and_flexibility_enhancers,50.0,no_additive,0.0,3.0,180.0,0.8,20.89,1.3199384399803087,0.7972675408307164,5.544068044350276
8.36,21,4b,350000.0,plasticizers_and_flexibility_enhancers,50.0,no_additive,0.0,3.0,180.0,0.8,19.95,1.299942900022767,0.9222062774390164,5.544068044350276
11.49,21,4b,350000.0,plasticizers_and_flexibility_enhancers,50.0,no_additive,0.0,3.0,180.0,0.8,19.05,1.2798949800116382,1.0603200286882852,5.544068044350276
15.31,21,4b,350000.0,plasticizers_and_flexibility_enhancers,50.0,no_additive,0.0,3.0,180.0,0.8,18.48,1.266701966884088,1.184975190698261,5.544068044350276
21.25,21,4b,350000.0,plasticizers_and_flexibility_enhancers,50.0,no_additive,0.0,3.0,180.0,0.8,17.92,1.2533380053261065,1.3273589343863303,5.544068044350276
28.32,21,4b,350000.0,plasticizers_and_flexibility_enhancers,50.0,no_additive,0.0,3.0,180.0,0.8,17.38,1.2400497721126476,1.4520932490177314,5.544068044350276
38.13,21,4b,350000.0,plasticizers_and_flexibility_enhancers,50.0,no_additive,0.0,3.0,180.0,0.8,16.6,1.2201080880400552,1.5812668052736707,5.544068044350276
52.41,21,4b,350000.0,plasticizers_and_flexibility_enhancers,50.0,no_additive,0.0,3.0,180.0,0.8,16.6,1.2201080880400552,1.7194141597025934,5.544068044350276
70.56,21,4b,350000.0,plasticizers_and_flexibility_enhancers,50.0,no_additive,0.0,3.0,180.0,0.8,15.61,1.1934029030624176,1.8485585721237634,5.544068044350276
95.0,21,4b,350000.0,plasticizers_and_flexibility_enhancers,50.0,no_additive,0.0,3.0,180.0,0.8,15.85,1.2000292665537702,1.9777236052888478,5.544068044350276
130.56,21,4b,350000.0,plasticizers_and_flexibility_enhancers,50.0,no_additive,0.0,3.0,180.0,0.8,14.91,1.1734776434529945,2.115810141409786,5.544068044350276
181.28,21,4b,350000.0,plasticizers_and_flexibility_enhancers,50.0,no_additive,0.0,3.0,180.0,0.8,14.68,1.1667260555800518,2.258349892519322,5.544068044350276
249.0,21,4b,350000.0,plasticizers_and_flexibility_enhancers,50.0,no_additive,0.0,3.0,180.0,0.8,15.14,1.180125875164054,2.3961993470957363,5.544068044350276
0.98,21,5b,350000.0,no_additive,0.0,no_additive,0.0,0.0,180.0,0.8,271.23,2.4333377239630525,-0.00877392430750515,5.544068044350276
1.32,21,5b,350000.0,no_additive,0.0,no_additive,0.0,0.0,180.0,0.8,288.4,2.4599952560473914,0.12057393120584989,5.544068044350276
1.79,21,5b,350000.0,no_additive,0.0,no_additive,0.0,0.0,180.0,0.8,292.86,2.4666600580401647,0.2528530309798932,5.544068044350276
2.44,21,5b,350000.0,no_additive,0.0,no_additive,0.0,0.0,180.0,0.8,297.39,2.4733263608979867,0.3873898263387294,5.544068044350276
3.32,21,5b,350000.0,no_additive,0.0,no_additive,0.0,0.0,180.0,0.8,292.86,2.4666600580401647,0.5211380837040362,5.544068044350276
4.42,21,5b,350000.0,no_additive,0.0,no_additive,0.0,0.0,180.0,0.8,292.86,2.4666600580401647,0.6454222693490919,5.544068044350276
6.27,21,5b,350000.0,no_additive,0.0,no_additive,0.0,0.0,180.0,0.8,284.01,2.4533336318370393,0.7972675408307164,5.544068044350276
8.36,21,5b,350000.0,no_additive,0.0,no_additive,0.0,0.0,180.0,0.8,284.01,2.4533336318370393,0.9222062774390164,5.544068044350276
11.49,21,5b,350000.0,no_additive,0.0,no_additive,0.0,0.0,180.0,0.8,284.01,2.4533336318370393,1.0603200286882852,5.544068044350276
15.31,21,5b,350000.0,no_additive,0.0,no_additive,0.0,0.0,180.0,0.8,275.42,2.4399954739538083,1.184975190698261,5.544068044350276
21.25,21,5b,350000.0,no_additive,0.0,no_additive,0.0,0.0,180.0,0.8,259.02,2.4133332990399112,1.3273589343863303,5.544068044350276
28.32,21,5b,350000.0,no_additive,0.0,no_additive,0.0,0.0,180.0,0.8,255.07,2.406659382166753,1.4520932490177314,5.544068044350276
38.13,21,5b,350000.0,no_additive,0.0,no_additive,0.0,0.0,180.0,0.8,247.36,2.393329472238231,1.5812668052736707,5.544068044350276
52.41,21,5b,350000.0,no_additive,0.0,no_additive,0.0,0.0,180.0,0.8,229.09,2.3600061322290986,1.7194141597025934,5.544068044350276
70.56,21,5b,350000.0,no_additive,0.0,no_additive,0.0,0.0,180.0,0.8,215.44,2.333326340403454,1.8485585721237634,5.544068044350276
95.0,21,5b,350000.0,no_additive,0.0,no_additive,0.0,0.0,180.0,0.8,202.61,2.3066608765506302,1.9777236052888478,5.544068044350276
130.56,21,5b,350000.0,no_additive,0.0,no_additive,0.0,0.0,180.0,0.8,193.49,2.2866585246156865,2.115810141409786,5.544068044350276
181.28,21,5b,350000.0,no_additive,0.0,no_additive,0.0,0.0,180.0,0.8,181.97,2.259999795081887,2.258349892519322,5.544068044350276
249.0,21,5b,350000.0,no_additive,0.0,no_additive,0.0,0.0,180.0,0.8,179.22,2.253386472987772,2.3961993470957363,5.544068044350276
0.98,21,6b,350000.0,plasticizers_and_flexibility_enhancers,10.0,no_additive,0.0,0.0,180.0,0.8,165.96,2.2200034261569352,-0.00877392430750515,5.544068044350276
1.32,21,6b,350000.0,plasticizers_and_flexibility_enhancers,10.0,no_additive,0.0,0.0,180.0,0.8,168.53,2.2266772207845555,0.12057393120584989,5.544068044350276
1.79,21,6b,350000.0,plasticizers_and_flexibility_enhancers,10.0,no_additive,0.0,0.0,180.0,0.8,171.13,2.2333261503498574,0.2528530309798932,5.544068044350276
2.44,21,6b,350000.0,plasticizers_and_flexibility_enhancers,10.0,no_additive,0.0,0.0,180.0,0.8,171.13,2.2333261503498574,0.3873898263387294,5.544068044350276
3.32,21,6b,350000.0,plasticizers_and_flexibility_enhancers,10.0,no_additive,0.0,0.0,180.0,0.8,179.2,2.2533380053261065,0.5211380837040362,5.544068044350276
4.42,21,6b,350000.0,plasticizers_and_flexibility_enhancers,10.0,no_additive,0.0,0.0,180.0,0.8,179.2,2.2533380053261065,0.6454222693490919,5.544068044350276
6.27,21,6b,350000.0,plasticizers_and_flexibility_enhancers,10.0,no_additive,0.0,0.0,180.0,0.8,179.2,2.2533380053261065,0.7972675408307164,5.544068044350276
8.36,21,6b,350000.0,plasticizers_and_flexibility_enhancers,10.0,no_additive,0.0,0.0,180.0,0.8,171.13,2.2333261503498574,0.9222062774390164,5.544068044350276
11.49,21,6b,350000.0,plasticizers_and_flexibility_enhancers,10.0,no_additive,0.0,0.0,180.0,0.8,173.78,2.2399997928868713,1.0603200286882852,5.544068044350276
15.31,21,6b,350000.0,plasticizers_and_flexibility_enhancers,10.0,no_additive,0.0,0.0,180.0,0.8,168.53,2.2266772207845555,1.184975190698261,5.544068044350276
21.25,21,6b,350000.0,plasticizers_and_flexibility_enhancers,10.0,no_additive,0.0,0.0,180.0,0.8,168.53,2.2266772207845555,1.3273589343863303,5.544068044350276
28.32,21,6b,350000.0,plasticizers_and_flexibility_enhancers,10.0,no_additive,0.0,0.0,180.0,0.8,163.43,2.213331780706593,1.4520932490177314,5.544068044350276
38.13,21,6b,350000.0,plasticizers_and_flexibility_enhancers,10.0,no_additive,0.0,0.0,180.0,0.8,158.49,2.200001865406602,1.5812668052736707,5.544068044350276
52.41,21,6b,350000.0,plasticizers_and_flexibility_enhancers,10.0,no_additive,0.0,0.0,180.0,0.8,153.7,2.1866738674997452,1.7194141597025934,5.544068044350276
70.56,21,6b,350000.0,plasticizers_and_flexibility_enhancers,10.0,no_additive,0.0,0.0,180.0,0.8,144.54,2.159988050381987,1.8485585721237634,5.544068044350276
95.0,21,6b,350000.0,plasticizers_and_flexibility_enhancers,10.0,no_additive,0.0,0.0,180.0,0.8,138.04,2.140004950619449,1.9777236052888478,5.544068044350276
130.56,21,6b,350000.0,plasticizers_and_flexibility_enhancers,10.0,no_additive,0.0,0.0,180.0,0.8,129.82,2.113341604795105,2.115810141409786,5.544068044350276
181.28,21,6b,350000.0,plasticizers_and_flexibility_enhancers,10.0,no_additive,0.0,0.0,180.0,0.8,120.23,2.0800128471079278,2.258349892519322,5.544068044350276
249.0,21,6b,350000.0,plasticizers_and_flexibility_enhancers,10.0,no_additive,0.0,0.0,180.0,0.8,114.82,2.0600175425316003,2.3961993470957363,5.544068044350276
0.98,21,7b,350000.0,plasticizers_and_flexibility_enhancers,30.0,no_additive,0.0,0.0,180.0,0.8,129.82,2.113341604795105,-0.00877392430750515,5.544068044350276
1.32,21,7b,350000.0,plasticizers_and_flexibility_enhancers,30.0,no_additive,0.0,0.0,180.0,0.8,129.82,2.113341604795105,0.12057393120584989,5.544068044350276
1.79,21,7b,350000.0,plasticizers_and_flexibility_enhancers,30.0,no_additive,0.0,0.0,180.0,0.8,125.89,2.0999912335446846,0.2528530309798932,5.544068044350276
2.44,21,7b,350000.0,plasticizers_and_flexibility_enhancers,30.0,no_additive,0.0,0.0,180.0,0.8,120.23,2.0800128471079278,0.3873898263387294,5.544068044350276
3.32,21,7b,350000.0,plasticizers_and_flexibility_enhancers,30.0,no_additive,0.0,0.0,180.0,0.8,116.59,2.0666613023006772,0.5211380837040362,5.544068044350276
4.42,21,7b,350000.0,plasticizers_and_flexibility_enhancers,30.0,no_additive,0.0,0.0,180.0,0.8,111.34,2.0466512169709197,0.6454222693490919,5.544068044350276
6.27,21,7b,350000.0,plasticizers_and_flexibility_enhancers,30.0,no_additive,0.0,0.0,180.0,0.8,107.98,2.033343323135224,0.7972675408307164,5.544068044350276
8.36,21,7b,350000.0,plasticizers_and_flexibility_enhancers,30.0,no_additive,0.0,0.0,180.0,0.8,104.71,2.019988159591285,0.9222062774390164,5.544068044350276
11.49,21,7b,350000.0,plasticizers_and_flexibility_enhancers,30.0,no_additive,0.0,0.0,180.0,0.8,101.55,2.0066799277408256,1.0603200286882852,5.544068044350276
15.31,21,7b,350000.0,plasticizers_and_flexibility_enhancers,30.0,no_additive,0.0,0.0,180.0,0.8,98.48,1.99334803992326,1.184975190698261,5.544068044350276
21.25,21,7b,350000.0,plasticizers_and_flexibility_enhancers,30.0,no_additive,0.0,0.0,180.0,0.8,91.2,1.9599948383284163,1.3273589343863303,5.544068044350276
28.32,21,7b,350000.0,plasticizers_and_flexibility_enhancers,30.0,no_additive,0.0,0.0,180.0,0.8,89.81,1.9533246963891853,1.4520932490177314,5.544068044350276
38.13,21,7b,350000.0,plasticizers_and_flexibility_enhancers,30.0,no_additive,0.0,0.0,180.0,0.8,84.46,1.926651077088889,1.5812668052736707,5.544068044350276
52.41,21,7b,350000.0,plasticizers_and_flexibility_enhancers,30.0,no_additive,0.0,0.0,180.0,0.8,81.91,1.9133369259326232,1.7194141597025934,5.544068044350276
70.56,21,7b,350000.0,plasticizers_and_flexibility_enhancers,30.0,no_additive,0.0,0.0,180.0,0.8,75.86,1.8800128383667718,1.8485585721237634,5.544068044350276
95.0,21,7b,350000.0,plasticizers_and_flexibility_enhancers,30.0,no_additive,0.0,0.0,180.0,0.8,70.25,1.8466463285771175,1.9777236052888478,5.544068044350276
130.56,21,7b,350000.0,plasticizers_and_flexibility_enhancers,30.0,no_additive,0.0,0.0,180.0,0.8,65.06,1.8133140589458348,2.115810141409786,5.544068044350276
181.28,21,7b,350000.0,plasticizers_and_flexibility_enhancers,30.0,no_additive,0.0,0.0,180.0,0.8,60.26,1.7800291273373383,2.258349892519322,5.544068044350276
249.0,21,7b,350000.0,plasticizers_and_flexibility_enhancers,30.0,no_additive,0.0,0.0,180.0,0.8,54.95,1.7399676967595095,2.3961993470957363,5.544068044350276
0.98,21,8b,350000.0,plasticizers_and_flexibility_enhancers,50.0,no_additive,0.0,0.0,180.0,0.8,78.22,1.8933178116161118,-0.00877392430750515,5.544068044350276
1.32,21,8b,350000.0,plasticizers_and_flexibility_enhancers,50.0,no_additive,0.0,0.0,180.0,0.8,69.18,1.8399805576783428,0.12057393120584989,5.544068044350276
1.79,21,8b,350000.0,plasticizers_and_flexibility_enhancers,50.0,no_additive,0.0,0.0,180.0,0.8,65.06,1.8133140589458348,0.2528530309798932,5.544068044350276
2.44,21,8b,350000.0,plasticizers_and_flexibility_enhancers,50.0,no_additive,0.0,0.0,180.0,0.8,62.13,1.793301353613115,0.3873898263387294,5.544068044350276
3.32,21,8b,350000.0,plasticizers_and_flexibility_enhancers,50.0,no_additive,0.0,0.0,180.0,0.8,59.34,1.7733475419808231,0.5211380837040362,5.544068044350276
4.42,21,8b,350000.0,plasticizers_and_flexibility_enhancers,50.0,no_additive,0.0,0.0,180.0,0.8,56.67,1.7533532126414961,0.6454222693490919,5.544068044350276
6.27,21,8b,350000.0,plasticizers_and_flexibility_enhancers,50.0,no_additive,0.0,0.0,180.0,0.8,53.29,1.7266457202409118,0.7972675408307164,5.544068044350276
8.36,21,8b,350000.0,plasticizers_and_flexibility_enhancers,50.0,no_additive,0.0,0.0,180.0,0.8,51.68,1.7133225049870278,0.9222062774390164,5.544068044350276
11.49,21,8b,350000.0,plasticizers_and_flexibility_enhancers,50.0,no_additive,0.0,0.0,180.0,0.8,50.12,1.7000110623221123,1.0603200286882852,5.544068044350276
15.31,21,8b,350000.0,plasticizers_and_flexibility_enhancers,50.0,no_additive,0.0,0.0,180.0,0.8,48.6,1.6866362692622934,1.184975190698261,5.544068044350276
21.25,21,8b,350000.0,plasticizers_and_flexibility_enhancers,50.0,no_additive,0.0,0.0,180.0,0.8,47.13,1.6732974397596359,1.3273589343863303,5.544068044350276
28.32,21,8b,350000.0,plasticizers_and_flexibility_enhancers,50.0,no_additive,0.0,0.0,180.0,0.8,43.65,1.6399842480415885,1.4520932490177314,5.544068044350276
38.13,21,8b,350000.0,plasticizers_and_flexibility_enhancers,50.0,no_additive,0.0,0.0,180.0,0.8,44.33,1.6466977312993345,1.5812668052736707,5.544068044350276
52.41,21,8b,350000.0,plasticizers_and_flexibility_enhancers,50.0,no_additive,0.0,0.0,180.0,0.8,41.69,1.6200318951262973,1.7194141597025934,5.544068044350276
70.56,21,8b,350000.0,plasticizers_and_flexibility_enhancers,50.0,no_additive,0.0,0.0,180.0,0.8,39.2,1.5932860670204574,1.8485585721237634,5.544068044350276
95.0,21,8b,350000.0,plasticizers_and_flexibility_enhancers,50.0,no_additive,0.0,0.0,180.0,0.8,38.61,1.5866998016240492,1.9777236052888478,5.544068044350276
130.56,21,8b,350000.0,plasticizers_and_flexibility_enhancers,50.0,no_additive,0.0,0.0,180.0,0.8,37.44,1.5733358400660675,2.115810141409786,5.544068044350276
181.28,21,8b,350000.0,plasticizers_and_flexibility_enhancers,50.0,no_additive,0.0,0.0,180.0,0.8,35.75,1.5532760461370994,2.258349892519322,5.544068044350276
249.0,21,8b,350000.0,plasticizers_and_flexibility_enhancers,50.0,no_additive,0.0,0.0,180.0,0.8,32.61,1.513350798805957,2.3961993470957363,5.544068044350276
1.0,44,1a,102000.0,no_additive,0.0,no_additive,0.0,100.0,190.0,15.0,3.357,0.5259513412480125,0.0,5.008600171761918
1.588,44,1a,102000.0,no_additive,0.0,no_additive,0.0,100.0,190.0,15.0,3.635,0.5605044151950566,0.20085049809107747,5.008600171761918
2.523,44,1a,102000.0,no_additive,0.0,no_additive,0.0,100.0,190.0,15.0,3.813,0.5812668052736706,0.40191725051757465,5.008600171761918
4.03,44,1a,102000.0,no_additive,0.0,no_additive,0.0,100.0,190.0,15.0,3.937,0.5951654147902296,0.6053050461411095,5.008600171761918
6.296,44,1a,102000.0,no_additive,0.0,no_additive,0.0,100.0,190.0,15.0,4.13,0.615950051656401,0.7990647193510082,5.008600171761918
9.89,44,1a,102000.0,no_additive,0.0,no_additive,0.0,100.0,190.0,15.0,4.332,0.6366884479532827,0.9951962915971795,5.008600171761918
16.06,44,1a,102000.0,no_additive,0.0,no_additive,0.0,100.0,190.0,15.0,4.472,0.6505017948783669,1.205745540942662,5.008600171761918
25.369,44,1a,102000.0,no_additive,0.0,no_additive,0.0,100.0,190.0,15.0,4.544,0.6574383227029624,1.4043033484577834,5.008600171761918
40.075,44,1a,102000.0,no_additive,0.0,no_additive,0.0,100.0,190.0,15.0,4.767,0.678245151927042,1.6028735310261826,5.008600171761918
62.957,44,1a,102000.0,no_additive,0.0,no_additive,0.0,100.0,190.0,15.0,4.921,0.6920533650340808,1.799044025029416,5.008600171761918
100.0,44,1a,102000.0,no_additive,0.0,no_additive,0.0,100.0,190.0,15.0,4.921,0.6920533650340808,2.0,5.008600171761918
1.0,44,2a,102000.0,nucleating_agent,0.1,no_additive,0.0,100.0,190.0,15.0,17.328,1.2387484392812451,0.0,5.008600171761918
1.588,44,2a,102000.0,nucleating_agent,0.1,no_additive,0.0,100.0,190.0,15.0,18.469,1.2664433812962739,0.20085049809107747,5.008600171761918
2.523,44,2a,102000.0,nucleating_agent,0.1,no_additive,0.0,100.0,190.0,15.0,18.469,1.2664433812962739,0.40191725051757465,5.008600171761918
4.03,44,2a,102000.0,nucleating_agent,0.1,no_additive,0.0,100.0,190.0,15.0,19.373,1.2871968784662298,0.6053050461411095,5.008600171761918
6.296,44,2a,102000.0,nucleating_agent,0.1,no_additive,0.0,100.0,190.0,15.0,20.648,1.3148779915358124,0.7990647193510082,5.008600171761918
9.89,44,2a,102000.0,nucleating_agent,0.1,no_additive,0.0,100.0,190.0,15.0,20.98,1.321805483857539,0.9951962915971795,5.008600171761918
16.06,44,2a,102000.0,nucleating_agent,0.1,no_additive,0.0,100.0,190.0,15.0,22.007,1.3425608434508318,1.205745540942662,5.008600171761918
25.369,44,2a,102000.0,nucleating_agent,0.1,no_additive,0.0,100.0,190.0,15.0,20.98,1.321805483857539,1.4043033484577834,5.008600171761918
40.075,44,2a,102000.0,nucleating_agent,0.1,no_additive,0.0,100.0,190.0,15.0,21.317,1.3287260851987845,1.6028735310261826,5.008600171761918
62.957,44,2a,102000.0,nucleating_agent,0.1,no_additive,0.0,100.0,190.0,15.0,21.659,1.3356384012963431,1.799044025029416,5.008600171761918
100.0,44,2a,102000.0,nucleating_agent,0.1,no_additive,0.0,100.0,190.0,15.0,18.765,1.2733485687491013,2.0,5.008600171761918
1.0,44,3a,102000.0,nucleating_agent,0.2,no_additive,0.0,100.0,190.0,15.0,11.091,1.0449707052927693,0.0,5.008600171761918
1.588,44,3a,102000.0,nucleating_agent,0.2,no_additive,0.0,100.0,190.0,15.0,12.4,1.0934216851622351,0.20085049809107747,5.008600171761918
2.523,44,3a,102000.0,nucleating_agent,0.2,no_additive,0.0,100.0,190.0,15.0,12.011,1.079579166970131,0.40191725051757465,5.008600171761918
4.03,44,3a,102000.0,nucleating_agent,0.2,no_additive,0.0,100.0,190.0,15.0,12.599,1.100336075933696,0.6053050461411095,5.008600171761918
6.296,44,3a,102000.0,nucleating_agent,0.2,no_additive,0.0,100.0,190.0,15.0,13.216,1.121100029976307,0.7990647193510082,5.008600171761918
9.89,44,3a,102000.0,nucleating_agent,0.2,no_additive,0.0,100.0,190.0,15.0,13.644,1.1349417107353597,0.9951962915971795,5.008600171761918
16.06,44,3a,102000.0,nucleating_agent,0.2,no_additive,0.0,100.0,190.0,15.0,14.542,1.1626241403078466,1.205745540942662,5.008600171761918
25.369,44,3a,102000.0,nucleating_agent,0.2,no_additive,0.0,100.0,190.0,15.0,14.542,1.1626241403078466,1.4043033484577834,5.008600171761918
40.075,44,3a,102000.0,nucleating_agent,0.2,no_additive,0.0,100.0,190.0,15.0,14.776,1.169556882432185,1.6028735310261826,5.008600171761918
62.957,44,3a,102000.0,nucleating_agent,0.2,no_additive,0.0,100.0,190.0,15.0,14.312,1.1557003275593165,1.799044025029416,5.008600171761918
100.0,44,3a,102000.0,nucleating_agent,0.2,no_additive,0.0,100.0,190.0,15.0,13.007,1.1141771402444487,2.0,5.008600171761918
1.0,44,4a,102000.0,nucleating_agent,0.3,no_additive,0.0,100.0,190.0,15.0,7.937,0.8996563803056357,0.0,5.008600171761918
1.588,44,4a,102000.0,nucleating_agent,0.3,no_additive,0.0,100.0,190.0,15.0,8.595,0.9342458810230713,0.20085049809107747,5.008600171761918
2.523,44,4a,102000.0,nucleating_agent,0.3,no_additive,0.0,100.0,190.0,15.0,9.016,0.9550139030380501,0.40191725051757465,5.008600171761918
4.03,44,4a,102000.0,nucleating_agent,0.3,no_additive,0.0,100.0,190.0,15.0,9.161,0.9619428831413872,0.6053050461411095,5.008600171761918
6.296,44,4a,102000.0,nucleating_agent,0.3,no_additive,0.0,100.0,190.0,15.0,9.308,0.9688563746146923,0.7990647193510082,5.008600171761918
9.89,44,4a,102000.0,nucleating_agent,0.3,no_additive,0.0,100.0,190.0,15.0,9.921,0.9965554496333653,0.9951962915971795,5.008600171761918
16.06,44,4a,102000.0,nucleating_agent,0.3,no_additive,0.0,100.0,190.0,15.0,10.08,1.0034605321095065,1.205745540942662,5.008600171761918
25.369,44,4a,102000.0,nucleating_agent,0.3,no_additive,0.0,100.0,190.0,15.0,10.242,1.0103847714983774,1.4043033484577834,5.008600171761918
40.075,44,4a,102000.0,nucleating_agent,0.3,no_additive,0.0,100.0,190.0,15.0,9.921,0.9965554496333653,1.6028735310261826,5.008600171761918
62.957,44,4a,102000.0,nucleating_agent,0.3,no_additive,0.0,100.0,190.0,15.0,10.406,1.0172838215600177,1.799044025029416,5.008600171761918
100.0,44,4a,102000.0,nucleating_agent,0.3,no_additive,0.0,100.0,190.0,15.0,9.609,0.9826781933834842,2.0,5.008600171761918
1.0,44,5a,102000.0,nucleating_agent,0.5,no_additive,0.0,100.0,190.0,15.0,6.768,0.8304603500309671,0.0,5.008600171761918
1.588,44,5a,102000.0,nucleating_agent,0.5,no_additive,0.0,100.0,190.0,15.0,7.566,0.8788663369567252,0.20085049809107747,5.008600171761918
2.523,44,5a,102000.0,nucleating_agent,0.5,no_additive,0.0,100.0,190.0,15.0,7.566,0.8788663369567252,0.40191725051757465,5.008600171761918
4.03,44,5a,102000.0,nucleating_agent,0.5,no_additive,0.0,100.0,190.0,15.0,8.064,0.9065505191014501,0.6053050461411095,5.008600171761918
6.296,44,5a,102000.0,nucleating_agent,0.5,no_additive,0.0,100.0,190.0,15.0,8.064,0.9065505191014501,0.7990647193510082,5.008600171761918
9.89,44,5a,102000.0,nucleating_agent,0.5,no_additive,0.0,100.0,190.0,15.0,8.326,0.9204364065507586,0.9951962915971795,5.008600171761918
16.06,44,5a,102000.0,nucleating_agent,0.5,no_additive,0.0,100.0,190.0,15.0,8.595,0.9342458810230713,1.205745540942662,5.008600171761918
25.369,44,5a,102000.0,nucleating_agent,0.5,no_additive,0.0,100.0,190.0,15.0,8.459,0.927319024959656,1.4043033484577834,5.008600171761918
40.075,44,5a,102000.0,nucleating_agent,0.5,no_additive,0.0,100.0,190.0,15.0,8.459,0.927319024959656,1.6028735310261826,5.008600171761918
62.957,44,5a,102000.0,nucleating_agent,0.5,no_additive,0.0,100.0,190.0,15.0,8.326,0.9204364065507586,1.799044025029416,5.008600171761918
100.0,44,5a,102000.0,nucleating_agent,0.5,no_additive,0.0,100.0,190.0,15.0,7.447,0.8719813538433694,2.0,5.008600171761918
0.064,45,1a,290000.0,no_additive,0.0,no_additive,0.0,100.0,180.0,0.5,28.598,1.4563356618236072,-1.193820026016113,5.4623979978989565
0.163,45,1a,290000.0,no_additive,0.0,no_additive,0.0,100.0,180.0,0.5,26.457,1.4225405973227256,-0.7878123955960422,5.4623979978989565
0.405,45,1a,290000.0,no_additive,0.0,no_additive,0.0,100.0,180.0,0.5,23.541,1.3718249073288924,-0.3925449767853314,5.4623979978989565
1.026,45,1a,290000.0,no_additive,0.0,no_additive,0.0,100.0,180.0,0.5,24.004,1.380283618094059,0.011147360775797479,5.4623979978989565
2.573,45,1a,290000.0,no_additive,0.0,no_additive,0.0,100.0,180.0,0.5,24.956,1.3971749769583257,0.4104397862103466,5.4623979978989565
6.527,45,1a,290000.0,no_additive,0.0,no_additive,0.0,100.0,180.0,0.5,22.643,1.3549339665591469,0.8147136126959766,5.4623979978989565
16.755,45,1a,290000.0,no_additive,0.0,no_additive,0.0,100.0,180.0,0.5,20.148,1.3042319421856736,1.2241444321712902,5.4623979978989565
43.01,45,1a,290000.0,no_additive,0.0,no_additive,0.0,100.0,180.0,0.5,17.928,1.2535318435270049,1.6335694425540919,5.4623979978989565
111.714,45,1a,290000.0,no_additive,0.0,no_additive,0.0,100.0,180.0,0.5,10.809,1.033785516842231,2.0481076023165956,5.4623979978989565
315.112,45,1a,290000.0,no_additive,0.0,no_additive,0.0,100.0,180.0,0.5,4.166,0.6197192656117271,2.498464942160193,5.4623979978989565
0.064,45,2a,290000.0,crosslinking_agent,0.25,no_additive,0.0,100.0,180.0,0.5,204.108,2.3098600271941,-1.193820026016113,5.4623979978989565
0.163,45,2a,290000.0,crosslinking_agent,0.25,no_additive,0.0,100.0,180.0,0.5,178.117,2.250705371758883,-0.7878123955960422,5.4623979978989565
0.405,45,2a,290000.0,crosslinking_agent,0.25,no_additive,0.0,100.0,180.0,0.5,161.603,2.2084494187612917,-0.3925449767853314,5.4623979978989565
1.026,45,2a,290000.0,crosslinking_agent,0.25,no_additive,0.0,100.0,180.0,0.5,133.028,2.1239430617614246,0.011147360775797479,5.4623979978989565
2.573,45,2a,290000.0,crosslinking_agent,0.25,no_additive,0.0,100.0,180.0,0.5,113.851,2.056336849554364,0.4104397862103466,5.4623979978989565
6.527,45,2a,290000.0,crosslinking_agent,0.25,no_additive,0.0,100.0,180.0,0.5,91.914,1.9633816665512065,0.8147136126959766,5.4623979978989565
16.755,45,2a,290000.0,crosslinking_agent,0.25,no_additive,0.0,100.0,180.0,0.5,74.203,1.8704214640001566,1.2241444321712902,5.4623979978989565
43.01,45,2a,290000.0,crosslinking_agent,0.25,no_additive,0.0,100.0,180.0,0.5,53.304,1.72675980026008,1.6335694425540919,5.4623979978989565
111.714,45,2a,290000.0,crosslinking_agent,0.25,no_additive,0.0,100.0,180.0,0.5,23.088,1.363386313749419,2.0481076023165956,5.4623979978989565
315.112,45,2a,290000.0,crosslinking_agent,0.25,no_additive,0.0,100.0,180.0,0.5,6.518,0.8141143561291254,2.498464942160193,5.4623979978989565
0.064,45,3a,290000.0,crosslinking_agent,0.5,no_additive,0.0,100.0,180.0,0.5,453.25,2.6563378127675463,-1.193820026016113,5.4623979978989565
0.163,45,3a,290000.0,crosslinking_agent,0.5,no_additive,0.0,100.0,180.0,0.5,411.23,2.614084789740154,-0.7878123955960422,5.4623979978989565
0.405,45,3a,290000.0,crosslinking_agent,0.5,no_additive,0.0,100.0,180.0,0.5,358.864,2.55492989359229,-0.3925449767853314,5.4623979978989565
1.026,45,3a,290000.0,crosslinking_agent,0.5,no_additive,0.0,100.0,180.0,0.5,295.408,2.4704222523463097,0.011147360775797479,5.4623979978989565
2.573,45,3a,290000.0,crosslinking_agent,0.5,no_additive,0.0,100.0,180.0,0.5,243.173,2.3859153526649837,0.4104397862103466,5.4623979978989565
6.527,45,3a,290000.0,crosslinking_agent,0.5,no_additive,0.0,100.0,180.0,0.5,185.185,2.2676058058823325,0.8147136126959766,5.4623979978989565
16.755,45,3a,290000.0,crosslinking_agent,0.5,no_additive,0.0,100.0,180.0,0.5,138.307,2.140844161197092,1.2241444321712902,5.4623979978989565
43.01,45,3a,290000.0,crosslinking_agent,0.5,no_additive,0.0,100.0,180.0,0.5,80.209,1.9042231018382811,1.6335694425540919,5.4623979978989565
111.714,45,3a,290000.0,crosslinking_agent,0.5,no_additive,0.0,100.0,180.0,0.5,32.14,1.5070458724273257,2.0481076023165956,5.4623979978989565
315.112,45,3a,290000.0,crosslinking_agent,0.5,no_additive,0.0,100.0,180.0,0.5,7.918,0.8986154974161858,2.498464942160193,5.4623979978989565
0.064,45,4a,290000.0,crosslinking_agent,1.0,no_additive,0.0,100.0,180.0,0.5,1006.507,3.0028167996427575,-1.193820026016113,5.4623979978989565
0.163,45,4a,290000.0,crosslinking_agent,1.0,no_additive,0.0,100.0,180.0,0.5,987.111,2.9943659915520926,-0.7878123955960422,5.4623979978989565
0.405,45,4a,290000.0,crosslinking_agent,1.0,no_additive,0.0,100.0,180.0,0.5,949.434,2.97746478009773,-0.3925449767853314,5.4623979978989565
1.026,45,4a,290000.0,crosslinking_agent,1.0,no_additive,0.0,100.0,180.0,0.5,737.234,2.8676053559446046,0.011147360775797479,5.4623979978989565
2.573,45,4a,290000.0,crosslinking_agent,1.0,no_additive,0.0,100.0,180.0,0.5,618.799,2.791549603193405,0.4104397862103466,5.4623979978989565
6.527,45,4a,290000.0,crosslinking_agent,1.0,no_additive,0.0,100.0,180.0,0.5,489.938,2.6901411250050042,0.8147136126959766,5.4623979978989565
16.755,45,4a,290000.0,crosslinking_agent,1.0,no_additive,0.0,100.0,180.0,0.5,373.105,2.5718310690833364,1.2241444321712902,5.4623979978989565
43.01,45,4a,290000.0,crosslinking_agent,1.0,no_additive,0.0,100.0,180.0,0.5,247.951,2.3943658641641568,1.6335694425540919,5.4623979978989565
111.714,45,4a,290000.0,crosslinking_agent,1.0,no_additive,0.0,100.0,180.0,0.5,91.914,1.9633816665512065,2.0481076023165956,5.4623979978989565
315.112,45,4a,290000.0,crosslinking_agent,1.0,no_additive,0.0,100.0,180.0,0.5,17.582,1.2450682757183995,2.498464942160193,5.4623979978989565
0.1,46,1,400000.0,no_additive,0.0,no_additive,0.0,98.5,190.0,0.5,215.443,2.3333323879079773,-1.0,5.6020599913279625
0.145,46,1,400000.0,no_additive,0.0,no_additive,0.0,98.5,190.0,0.5,129.155,2.111111223752671,-0.8386319977650252,5.6020599913279625
0.216,46,1,400000.0,no_additive,0.0,no_additive,0.0,98.5,190.0,0.5,100.0,2.0,-0.6655462488490691,5.6020599913279625
0.319,46,1,400000.0,no_additive,0.0,no_additive,0.0,98.5,190.0,0.5,66.692,1.8240737414993216,-0.4962093169428189,5.6020599913279625
0.467,46,1,400000.0,no_additive,0.0,no_additive,0.0,98.5,190.0,0.5,51.637,1.7129610027405415,-0.33068311943388784,5.6020599913279625
0.683,46,1,400000.0,no_additive,0.0,no_additive,0.0,98.5,190.0,0.5,39.981,1.6018536524396918,-0.1655792963184674,5.6020599913279625
1.016,46,1,400000.0,no_additive,0.0,no_additive,0.0,98.5,190.0,0.5,29.663,1.4722150717617906,0.006893707947900456,5.6020599913279625
1.464,46,1,400000.0,no_additive,0.0,no_additive,0.0,98.5,190.0,0.5,25.012,1.398148420008631,0.16554107672237306,5.6020599913279625
2.196,46,1,400000.0,no_additive,0.0,no_additive,0.0,98.5,190.0,0.5,20.645,1.314814887210721,0.34163233577805435,5.6020599913279625
3.162,46,1,400000.0,no_additive,0.0,no_additive,0.0,98.5,190.0,0.5,17.783,1.2500050284868958,0.4999618655961902,5.6020599913279625
4.705,46,1,400000.0,no_additive,0.0,no_additive,0.0,98.5,190.0,0.5,16.329,1.2129595890367362,0.6725596277632757,5.6020599913279625
6.887,46,1,400000.0,no_additive,0.0,no_additive,0.0,98.5,190.0,0.5,14.678,1.1666668833636098,0.8380300829853201,5.6020599913279625
10.246,46,1,400000.0,no_additive,0.0,no_additive,0.0,98.5,190.0,0.5,13.769,1.1389023999335937,1.0105543515403224,5.6020599913279625
14.758,46,1,400000.0,no_additive,0.0,no_additive,0.0,98.5,190.0,0.5,13.769,1.1389023999335937,1.1690275060089323,5.6020599913279625
21.779,46,1,400000.0,no_additive,0.0,no_additive,0.0,98.5,190.0,0.5,12.915,1.1110944105093359,1.3380379349031244,5.6020599913279625
31.88,46,1,400000.0,no_additive,0.0,no_additive,0.0,98.5,190.0,0.5,12.643,1.1018501379381254,1.5035183127240748,5.6020599913279625
46.291,46,1,400000.0,no_additive,0.0,no_additive,0.0,98.5,190.0,0.5,12.115,1.083323418473525,1.6654965627182385,5.6020599913279625
68.314,46,1,400000.0,no_additive,0.0,no_additive,0.0,98.5,190.0,0.5,12.115,1.083323418473525,1.8345097153899654,5.6020599913279625
100.0,46,1,400000.0,no_additive,0.0,no_additive,0.0,98.5,190.0,0.5,11.86,1.0740846890282438,2.0,5.6020599913279625
0.1,46,2,400000.0,no_additive,0.0,reinforcment_and_stiffening_modifiers,3.0,98.5,190.0,0.5,116095.347,5.064814813944266,-1.0,5.6020599913279625
0.145,46,2,400000.0,no_additive,0.0,reinforcment_and_stiffening_modifiers,3.0,98.5,190.0,0.5,84319.093,4.925925926293357,-0.8386319977650252,5.6020599913279625
0.216,46,2,400000.0,no_additive,0.0,reinforcment_and_stiffening_modifiers,3.0,98.5,190.0,0.5,61240.262,4.787037040042403,-0.6655462488490691,5.6020599913279625
0.319,46,2,400000.0,no_additive,0.0,reinforcment_and_stiffening_modifiers,3.0,98.5,190.0,0.5,41722.505,4.620370375378122,-0.4962093169428189,5.6020599913279625
0.467,46,2,400000.0,no_additive,0.0,reinforcment_and_stiffening_modifiers,3.0,98.5,190.0,0.5,28425.211,4.453703697134463,-0.33068311943388784,5.6020599913279625
0.683,46,2,400000.0,no_additive,0.0,reinforcment_and_stiffening_modifiers,3.0,98.5,190.0,0.5,19783.189,4.296296300075638,-0.1655792963184674,5.6020599913279625
1.016,46,2,400000.0,no_additive,0.0,reinforcment_and_stiffening_modifiers,3.0,98.5,190.0,0.5,13768.572,4.13888889997519,0.006893707947900456,5.6020599913279625
1.464,46,2,400000.0,no_additive,0.0,reinforcment_and_stiffening_modifiers,3.0,98.5,190.0,0.5,9582.559,3.9814815018940966,0.16554107672237306,5.6020599913279625
2.196,46,2,400000.0,no_additive,0.0,reinforcment_and_stiffening_modifiers,3.0,98.5,190.0,0.5,6812.921,3.8333333530575557,0.34163233577805435,5.6020599913279625
3.162,46,2,400000.0,no_additive,0.0,reinforcment_and_stiffening_modifiers,3.0,98.5,190.0,0.5,4447.83,3.648148179771656,0.4999618655961902,5.6020599913279625
4.705,46,2,400000.0,no_additive,0.0,reinforcment_and_stiffening_modifiers,3.0,98.5,190.0,0.5,3230.422,3.509259259266128,0.6725596277632757,5.6020599913279625
6.887,46,2,400000.0,no_additive,0.0,reinforcment_and_stiffening_modifiers,3.0,98.5,190.0,0.5,2154.435,3.3333333958172107,0.8380300829853201,5.6020599913279625
10.246,46,2,400000.0,no_additive,0.0,reinforcment_and_stiffening_modifiers,3.0,98.5,190.0,0.5,1531.74,3.185185053711682,1.0105543515403224,5.6020599913279625
14.758,46,2,400000.0,no_additive,0.0,reinforcment_and_stiffening_modifiers,3.0,98.5,190.0,0.5,1043.563,3.0185186725931006,1.1690275060089323,5.6020599913279625
21.779,46,2,400000.0,no_additive,0.0,reinforcment_and_stiffening_modifiers,3.0,98.5,190.0,0.5,741.943,2.870370541752961,1.3380379349031244,5.6020599913279625
31.88,46,2,400000.0,no_additive,0.0,reinforcment_and_stiffening_modifiers,3.0,98.5,190.0,0.5,527.5,2.72222246396973,1.5035183127240748,5.6020599913279625
46.291,46,2,400000.0,no_additive,0.0,reinforcment_and_stiffening_modifiers,3.0,98.5,190.0,0.5,367.126,2.5648151424900405,1.6654965627182385,5.6020599913279625
68.314,46,2,400000.0,no_additive,0.0,reinforcment_and_stiffening_modifiers,3.0,98.5,190.0,0.5,266.64,2.4259253006524735,1.8345097153899654,5.6020599913279625
100.0,46,2,400000.0,no_additive,0.0,reinforcment_and_stiffening_modifiers,3.0,98.5,190.0,0.5,202.095,2.3055555688380585,2.0,5.6020599913279625
0.1,46,3,400000.0,reinforcment_and_stiffening_modifiers,1.0,reinforcment_and_stiffening_modifiers,2.0,98.5,190.0,0.5,131938.144,5.120370370480922,-1.0,5.6020599913279625
0.145,46,3,400000.0,reinforcment_and_stiffening_modifiers,1.0,reinforcment_and_stiffening_modifiers,2.0,98.5,190.0,0.5,97890.544,4.990740741987379,-0.8386319977650252,5.6020599913279625
0.216,46,3,400000.0,reinforcment_and_stiffening_modifiers,1.0,reinforcment_and_stiffening_modifiers,2.0,98.5,190.0,0.5,65285.211,4.814814812078882,-0.6655462488490691,5.6020599913279625
0.319,46,3,400000.0,reinforcment_and_stiffening_modifiers,1.0,reinforcment_and_stiffening_modifiers,2.0,98.5,190.0,0.5,42621.588,4.6296296266731005,-0.4962093169428189,5.6020599913279625
0.467,46,3,400000.0,reinforcment_and_stiffening_modifiers,1.0,reinforcment_and_stiffening_modifiers,2.0,98.5,190.0,0.5,28425.211,4.453703697134463,-0.33068311943388784,5.6020599913279625
0.683,46,3,400000.0,reinforcment_and_stiffening_modifiers,1.0,reinforcment_and_stiffening_modifiers,2.0,98.5,190.0,0.5,20209.499,4.305555547348438,-0.1655792963184674,5.6020599913279625
1.016,46,3,400000.0,reinforcment_and_stiffening_modifiers,1.0,reinforcment_and_stiffening_modifiers,2.0,98.5,190.0,0.5,13768.572,4.13888889997519,0.006893707947900456,5.6020599913279625
1.464,46,3,400000.0,reinforcment_and_stiffening_modifiers,1.0,reinforcment_and_stiffening_modifiers,2.0,98.5,190.0,0.5,10000.0,4.0,0.16554107672237306,5.6020599913279625
2.196,46,3,400000.0,reinforcment_and_stiffening_modifiers,1.0,reinforcment_and_stiffening_modifiers,2.0,98.5,190.0,0.5,6812.921,3.8333333530575557,0.34163233577805435,5.6020599913279625
3.162,46,3,400000.0,reinforcment_and_stiffening_modifiers,1.0,reinforcment_and_stiffening_modifiers,2.0,98.5,190.0,0.5,4641.589,3.666666682234838,0.4999618655961902,5.6020599913279625
4.705,46,3,400000.0,reinforcment_and_stiffening_modifiers,1.0,reinforcment_and_stiffening_modifiers,2.0,98.5,190.0,0.5,3162.278,3.500000046671104,0.6725596277632757,5.6020599913279625
6.887,46,3,400000.0,reinforcment_and_stiffening_modifiers,1.0,reinforcment_and_stiffening_modifiers,2.0,98.5,190.0,0.5,2200.861,3.342592614639107,0.8380300829853201,5.6020599913279625
10.246,46,3,400000.0,reinforcment_and_stiffening_modifiers,1.0,reinforcment_and_stiffening_modifiers,2.0,98.5,190.0,0.5,1564.748,3.1944444051273826,1.0105543515403224,5.6020599913279625
14.758,46,3,400000.0,reinforcment_and_stiffening_modifiers,1.0,reinforcment_and_stiffening_modifiers,2.0,98.5,190.0,0.5,1066.05,3.0277775744981086,1.1690275060089323,5.6020599913279625
21.779,46,3,400000.0,reinforcment_and_stiffening_modifiers,1.0,reinforcment_and_stiffening_modifiers,2.0,98.5,190.0,0.5,825.404,2.9166665691860767,1.3380379349031244,5.6020599913279625
31.88,46,3,400000.0,reinforcment_and_stiffening_modifiers,1.0,reinforcment_and_stiffening_modifiers,2.0,98.5,190.0,0.5,550.479,2.7407407558998163,1.5035183127240748,5.6020599913279625
46.291,46,3,400000.0,reinforcment_and_stiffening_modifiers,1.0,reinforcment_and_stiffening_modifiers,2.0,98.5,190.0,0.5,399.808,2.601851479929909,1.6654965627182385,5.6020599913279625
68.314,46,3,400000.0,reinforcment_and_stiffening_modifiers,1.0,reinforcment_and_stiffening_modifiers,2.0,98.5,190.0,0.5,272.386,2.435184782099059,1.8345097153899654,5.6020599913279625
100.0,46,3,400000.0,reinforcment_and_stiffening_modifiers,1.0,reinforcment_and_stiffening_modifiers,2.0,98.5,190.0,0.5,220.086,2.342592417309707,2.0,5.6020599913279625
0.1,46,4,400000.0,reinforcment_and_stiffening_modifiers,1.5,reinforcment_and_stiffening_modifiers,1.5,98.5,190.0,0.5,181659.979,5.25925925964767,-1.0,5.6020599913279625
0.145,46,4,400000.0,reinforcment_and_stiffening_modifiers,1.5,reinforcment_and_stiffening_modifiers,1.5,98.5,190.0,0.5,129155.0,5.111111223752671,-0.8386319977650252,5.6020599913279625
0.216,46,4,400000.0,reinforcment_and_stiffening_modifiers,1.5,reinforcment_and_stiffening_modifiers,1.5,98.5,190.0,0.5,86136.096,4.935185184072976,-0.6655462488490691,5.6020599913279625
0.319,46,4,400000.0,reinforcment_and_stiffening_modifiers,1.5,reinforcment_and_stiffening_modifiers,1.5,98.5,190.0,0.5,58683.839,4.7685185169296,-0.4962093169428189,5.6020599913279625
0.467,46,4,400000.0,reinforcment_and_stiffening_modifiers,1.5,reinforcment_and_stiffening_modifiers,1.5,98.5,190.0,0.5,42621.588,4.6296296266731005,-0.33068311943388784,5.6020599913279625
0.683,46,4,400000.0,reinforcment_and_stiffening_modifiers,1.5,reinforcment_and_stiffening_modifiers,1.5,98.5,190.0,0.5,29663.488,4.472222216486325,-0.1655792963184674,5.6020599913279625
1.016,46,4,400000.0,reinforcment_and_stiffening_modifiers,1.5,reinforcment_and_stiffening_modifiers,1.5,98.5,190.0,0.5,19783.189,4.296296300075638,0.006893707947900456,5.6020599913279625
1.464,46,4,400000.0,reinforcment_and_stiffening_modifiers,1.5,reinforcment_and_stiffening_modifiers,1.5,98.5,190.0,0.5,14065.272,4.148148135147282,0.16554107672237306,5.6020599913279625
2.196,46,4,400000.0,reinforcment_and_stiffening_modifiers,1.5,reinforcment_and_stiffening_modifiers,1.5,98.5,190.0,0.5,9380.419,3.9722222376673155,0.34163233577805435,5.6020599913279625
3.162,46,4,400000.0,reinforcment_and_stiffening_modifiers,1.5,reinforcment_and_stiffening_modifiers,1.5,98.5,190.0,0.5,6669.205,3.8240740670963342,0.4999618655961902,5.6020599913279625
4.705,46,4,400000.0,reinforcment_and_stiffening_modifiers,1.5,reinforcment_and_stiffening_modifiers,1.5,98.5,190.0,0.5,4543.677,3.657407450761164,0.6725596277632757,5.6020599913279625
6.887,46,4,400000.0,reinforcment_and_stiffening_modifiers,1.5,reinforcment_and_stiffening_modifiers,1.5,98.5,190.0,0.5,3095.571,3.490740769439086,0.8380300829853201,5.6020599913279625
10.246,46,4,400000.0,reinforcment_and_stiffening_modifiers,1.5,reinforcment_and_stiffening_modifiers,1.5,98.5,190.0,0.5,2200.861,3.342592614639107,1.0105543515403224,5.6020599913279625
14.758,46,4,400000.0,reinforcment_and_stiffening_modifiers,1.5,reinforcment_and_stiffening_modifiers,1.5,98.5,190.0,0.5,1531.74,3.185185053711682,1.1690275060089323,5.6020599913279625
21.779,46,4,400000.0,reinforcment_and_stiffening_modifiers,1.5,reinforcment_and_stiffening_modifiers,1.5,98.5,190.0,0.5,1066.05,3.0277775744981086,1.3380379349031244,5.6020599913279625
31.88,46,4,400000.0,reinforcment_and_stiffening_modifiers,1.5,reinforcment_and_stiffening_modifiers,1.5,98.5,190.0,0.5,726.292,2.861111260497634,1.5035183127240748,5.6020599913279625
46.291,46,4,400000.0,reinforcment_and_stiffening_modifiers,1.5,reinforcment_and_stiffening_modifiers,1.5,98.5,190.0,0.5,538.867,2.731481588389627,1.6654965627182385,5.6020599913279625
68.314,46,4,400000.0,reinforcment_and_stiffening_modifiers,1.5,reinforcment_and_stiffening_modifiers,1.5,98.5,190.0,0.5,375.037,2.5740741160027865,1.8345097153899654,5.6020599913279625
100.0,46,4,400000.0,reinforcment_and_stiffening_modifiers,1.5,reinforcment_and_stiffening_modifiers,1.5,98.5,190.0,0.5,278.256,2.444444537746359,2.0,5.6020599913279625
0.1,46,5,400000.0,reinforcment_and_stiffening_modifiers,2.0,reinforcment_and_stiffening_modifiers,1.0,98.5,190.0,0.5,89888.411,4.953703703266233,-1.0,5.6020599913279625
0.145,46,5,400000.0,reinforcment_and_stiffening_modifiers,2.0,reinforcment_and_stiffening_modifiers,1.0,98.5,190.0,0.5,66692.051,4.824074073608272,-0.8386319977650252,5.6020599913279625
0.216,46,5,400000.0,reinforcment_and_stiffening_modifiers,2.0,reinforcment_and_stiffening_modifiers,1.0,98.5,190.0,0.5,44478.297,4.648148150479091,-0.6655462488490691,5.6020599913279625
0.319,46,5,400000.0,reinforcment_and_stiffening_modifiers,2.0,reinforcment_and_stiffening_modifiers,1.0,98.5,190.0,0.5,30302.711,4.481481483937047,-0.4962093169428189,5.6020599913279625
0.467,46,5,400000.0,reinforcment_and_stiffening_modifiers,2.0,reinforcment_and_stiffening_modifiers,1.0,98.5,190.0,0.5,21089.878,4.32407406745499,-0.33068311943388784,5.6020599913279625
0.683,46,5,400000.0,reinforcment_and_stiffening_modifiers,2.0,reinforcment_and_stiffening_modifiers,1.0,98.5,190.0,0.5,14677.993,4.1666666762466935,-0.1655792963184674,5.6020599913279625
1.016,46,5,400000.0,reinforcment_and_stiffening_modifiers,2.0,reinforcment_and_stiffening_modifiers,1.0,98.5,190.0,0.5,10215.491,4.009259245512368,0.006893707947900456,5.6020599913279625
1.464,46,5,400000.0,reinforcment_and_stiffening_modifiers,2.0,reinforcment_and_stiffening_modifiers,1.0,98.5,190.0,0.5,6669.205,3.8240740670963342,0.16554107672237306,5.6020599913279625
2.196,46,5,400000.0,reinforcment_and_stiffening_modifiers,2.0,reinforcment_and_stiffening_modifiers,1.0,98.5,190.0,0.5,4641.589,3.666666682234838,0.34163233577805435,5.6020599913279625
3.162,46,5,400000.0,reinforcment_and_stiffening_modifiers,2.0,reinforcment_and_stiffening_modifiers,1.0,98.5,190.0,0.5,3300.035,3.518518546007057,0.4999618655961902,5.6020599913279625
4.705,46,5,400000.0,reinforcment_and_stiffening_modifiers,2.0,reinforcment_and_stiffening_modifiers,1.0,98.5,190.0,0.5,2296.736,3.361111077766881,0.6725596277632757,5.6020599913279625
6.887,46,5,400000.0,reinforcment_and_stiffening_modifiers,2.0,reinforcment_and_stiffening_modifiers,1.0,98.5,190.0,0.5,1632.913,3.2129630465698313,0.8380300829853201,5.6020599913279625
10.246,46,5,400000.0,reinforcment_and_stiffening_modifiers,2.0,reinforcment_and_stiffening_modifiers,1.0,98.5,190.0,0.5,1160.953,3.064814638124603,1.0105543515403224,5.6020599913279625
14.758,46,5,400000.0,reinforcment_and_stiffening_modifiers,2.0,reinforcment_and_stiffening_modifiers,1.0,98.5,190.0,0.5,790.948,2.8981479322266273,1.1690275060089323,5.6020599913279625
21.779,46,5,400000.0,reinforcment_and_stiffening_modifiers,2.0,reinforcment_and_stiffening_modifiers,1.0,98.5,190.0,0.5,562.341,2.7499997488564176,1.3380379349031244,5.6020599913279625
31.88,46,5,400000.0,reinforcment_and_stiffening_modifiers,2.0,reinforcment_and_stiffening_modifiers,1.0,98.5,190.0,0.5,408.424,2.611111254377941,1.5035183127240748,5.6020599913279625
46.291,46,5,400000.0,reinforcment_and_stiffening_modifiers,2.0,reinforcment_and_stiffening_modifiers,1.0,98.5,190.0,0.5,290.378,2.4629637096846255,1.6654965627182385,5.6020599913279625
68.314,46,5,400000.0,reinforcment_and_stiffening_modifiers,2.0,reinforcment_and_stiffening_modifiers,1.0,98.5,190.0,0.5,215.443,2.3333323879079773,1.8345097153899654,5.6020599913279625
100.0,46,5,400000.0,reinforcment_and_stiffening_modifiers,2.0,reinforcment_and_stiffening_modifiers,1.0,98.5,190.0,0.5,159.847,2.2037044898684397,2.0,5.6020599913279625
0.1,46,6,400000.0,reinforcment_and_stiffening_modifiers,3.0,no_additive,0.0,98.5,190.0,0.5,33000.348,4.518518519686458,-1.0,5.6020599913279625
0.145,46,6,400000.0,reinforcment_and_stiffening_modifiers,3.0,no_additive,0.0,98.5,190.0,0.5,24484.367,4.388888880583739,-0.8386319977650252,5.6020599913279625
0.216,46,6,400000.0,reinforcment_and_stiffening_modifiers,3.0,no_additive,0.0,98.5,190.0,0.5,17040.467,4.231481492587014,-0.6655462488490691,5.6020599913279625
0.319,46,6,400000.0,reinforcment_and_stiffening_modifiers,3.0,no_additive,0.0,98.5,190.0,0.5,11859.71,4.0740740695561035,-0.4962093169428189,5.6020599913279625
0.467,46,6,400000.0,reinforcment_and_stiffening_modifiers,3.0,no_additive,0.0,98.5,190.0,0.5,8254.042,3.9166666744180425,-0.33068311943388784,5.6020599913279625
0.683,46,6,400000.0,reinforcment_and_stiffening_modifiers,3.0,no_additive,0.0,98.5,190.0,0.5,5744.593,3.7592592646839096,-0.1655792963184674,5.6020599913279625
1.016,46,6,400000.0,reinforcment_and_stiffening_modifiers,3.0,no_additive,0.0,98.5,190.0,0.5,4172.25,3.620370323332528,0.006893707947900456,5.6020599913279625
1.464,46,6,400000.0,reinforcment_and_stiffening_modifiers,3.0,no_additive,0.0,98.5,190.0,0.5,2903.775,3.4629629618751223,0.16554107672237306,5.6020599913279625
2.196,46,6,400000.0,reinforcment_and_stiffening_modifiers,3.0,no_additive,0.0,98.5,190.0,0.5,1978.319,3.2962963220283408,0.34163233577805435,5.6020599913279625
3.162,46,6,400000.0,reinforcment_and_stiffening_modifiers,3.0,no_additive,0.0,98.5,190.0,0.5,1499.429,3.1759259061487364,0.4999618655961902,5.6020599913279625
4.705,46,6,400000.0,reinforcment_and_stiffening_modifiers,3.0,no_additive,0.0,98.5,190.0,0.5,1112.49,3.0462961158648003,0.6725596277632757,5.6020599913279625
6.887,46,6,400000.0,reinforcment_and_stiffening_modifiers,3.0,no_additive,0.0,98.5,190.0,0.5,825.404,2.9166665691860767,0.8380300829853201,5.6020599913279625
10.246,46,6,400000.0,reinforcment_and_stiffening_modifiers,3.0,no_additive,0.0,98.5,190.0,0.5,652.852,2.8148147389039675,1.0105543515403224,5.6020599913279625
14.758,46,6,400000.0,reinforcment_and_stiffening_modifiers,3.0,no_additive,0.0,98.5,190.0,0.5,516.372,2.712962684843068,1.1690275060089323,5.6020599913279625
21.779,46,6,400000.0,reinforcment_and_stiffening_modifiers,3.0,no_additive,0.0,98.5,190.0,0.5,399.808,2.601851479929909,1.3380379349031244,5.6020599913279625
31.88,46,6,400000.0,reinforcment_and_stiffening_modifiers,3.0,no_additive,0.0,98.5,190.0,0.5,309.557,2.490740629143628,1.5035183127240748,5.6020599913279625
46.291,46,6,400000.0,reinforcment_and_stiffening_modifiers,3.0,no_additive,0.0,98.5,190.0,0.5,239.679,2.379629984039283,1.6654965627182385,5.6020599913279625
68.314,46,6,400000.0,reinforcment_and_stiffening_modifiers,3.0,no_additive,0.0,98.5,190.0,0.5,210.899,2.324074520490973,1.8345097153899654,5.6020599913279625
100.0,46,6,400000.0,reinforcment_and_stiffening_modifiers,3.0,no_additive,0.0,98.5,190.0,0.5,166.81,2.222222082360713,2.0,5.6020599913279625
0.1,55,1a,500000.0,no_additive,0.0,no_additive,0.0,100.0,190.0,15.0,462.049,2.6646880346496005,-1.0,5.698970004336019
0.161,55,1a,500000.0,no_additive,0.0,no_additive,0.0,100.0,190.0,15.0,763.465,2.882789132217221,-0.7931741239681502,5.698970004336019
0.255,55,1a,500000.0,no_additive,0.0,no_additive,0.0,100.0,190.0,15.0,1150.352,3.0608307518896054,-0.5934598195660449,5.698970004336019
0.403,55,1a,500000.0,no_additive,0.0,no_additive,0.0,100.0,190.0,15.0,1456.145,3.163204623304233,-0.39469495385889053,5.698970004336019
0.638,55,1a,500000.0,no_additive,0.0,no_additive,0.0,100.0,190.0,15.0,1805.829,3.2566766231245166,-0.19517932127883766,5.698970004336019
1.034,55,1a,500000.0,no_additive,0.0,no_additive,0.0,100.0,190.0,15.0,1940.143,3.28783374117875,0.014520538757923713,5.698970004336019
1.598,55,1a,500000.0,no_additive,0.0,no_additive,0.0,100.0,190.0,15.0,2063.194,3.314540066154561,0.2035767749779726,5.698970004336019
2.499,55,1a,500000.0,no_additive,0.0,no_additive,0.0,100.0,190.0,15.0,2127.616,3.327893247622214,0.39776625612645006,5.698970004336019
4.002,55,1a,500000.0,no_additive,0.0,no_additive,0.0,100.0,190.0,15.0,2127.616,3.327893247622214,0.6022770843001926,5.698970004336019
6.408,55,1a,500000.0,no_additive,0.0,no_additive,0.0,100.0,190.0,15.0,2063.194,3.314540066154561,0.8067225030761813,5.698970004336019
10.024,55,1a,500000.0,no_additive,0.0,no_additive,0.0,100.0,190.0,15.0,1980.322,3.2967358122076664,1.0010410579860936,5.698970004336019
16.052,55,1a,500000.0,no_additive,0.0,no_additive,0.0,100.0,190.0,15.0,1824.432,3.261127681033021,1.2055291510618011,5.698970004336019
25.404,55,1a,500000.0,no_additive,0.0,no_additive,0.0,100.0,190.0,15.0,1646.71,3.2166171228557636,1.4049021040670369,5.698970004336019
40.206,55,1a,500000.0,no_additive,0.0,no_additive,0.0,100.0,190.0,15.0,1426.601,3.154302524110803,1.6042908683195585,5.698970004336019
62.888,55,1a,500000.0,no_additive,0.0,no_additive,0.0,100.0,190.0,15.0,1186.271,3.0741839136152387,1.798567783267658,5.698970004336019
100.0,55,1a,500000.0,no_additive,0.0,no_additive,0.0,100.0,190.0,15.0,956.56,2.980712216236463,2.0,5.698970004336019
0.1,55,1b,500000.0,no_additive,0.0,no_additive,0.0,100.0,195.0,15.0,115.824,2.063798559284373,-1.0,5.698970004336019
0.161,55,1b,500000.0,no_additive,0.0,no_additive,0.0,100.0,195.0,15.0,201.444,2.3041543364764574,-0.7931741239681502,5.698970004336019
0.255,55,1b,500000.0,no_additive,0.0,no_additive,0.0,100.0,195.0,15.0,316.228,2.5000003213429354,-0.5934598195660449,5.698970004336019
0.403,55,1b,500000.0,no_additive,0.0,no_additive,0.0,100.0,195.0,15.0,438.968,2.6424328620873205,-0.39469495385889053,5.698970004336019
0.638,55,1b,500000.0,no_additive,0.0,no_additive,0.0,100.0,195.0,15.0,522.518,2.7181012558663937,-0.19517932127883766,5.698970004336019
1.034,55,1b,500000.0,no_additive,0.0,no_additive,0.0,100.0,195.0,15.0,596.986,2.775964146549739,0.014520538757923713,5.698970004336019
1.598,55,1b,500000.0,no_additive,0.0,no_additive,0.0,100.0,195.0,15.0,647.997,2.8115729952433375,0.2035767749779726,5.698970004336019
2.499,55,1b,500000.0,no_additive,0.0,no_additive,0.0,100.0,195.0,15.0,668.23,2.8249259692697715,0.39776625612645006,5.698970004336019
4.002,55,1b,500000.0,no_additive,0.0,no_additive,0.0,100.0,195.0,15.0,717.932,2.856083311340754,0.6022770843001926,5.698970004336019
6.408,55,1b,500000.0,no_additive,0.0,no_additive,0.0,100.0,195.0,15.0,740.349,2.869436494114574,0.8067225030761813,5.698970004336019
10.024,55,1b,500000.0,no_additive,0.0,no_additive,0.0,100.0,195.0,15.0,747.975,2.873887082431986,1.0010410579860936,5.698970004336019
16.052,55,1b,500000.0,no_additive,0.0,no_additive,0.0,100.0,195.0,15.0,740.349,2.869436494114574,1.2055291510618011,5.698970004336019
25.404,55,1b,500000.0,no_additive,0.0,no_additive,0.0,100.0,195.0,15.0,740.349,2.869436494114574,1.4049021040670369,5.698970004336019
40.206,55,1b,500000.0,no_additive,0.0,no_additive,0.0,100.0,195.0,15.0,675.114,2.8293771141504314,1.6042908683195585,5.698970004336019
62.888,55,1b,500000.0,no_additive,0.0,no_additive,0.0,100.0,195.0,15.0,590.899,2.7715132550078447,1.798567783267658,5.698970004336019
100.0,55,1b,500000.0,no_additive,0.0,no_additive,0.0,100.0,195.0,15.0,517.19,2.7136501190954316,2.0,5.698970004336019
0.1,55,1c,500000.0,no_additive,0.0,no_additive,0.0,100.0,200.0,15.0,46.047,1.6632013408111141,-1.0,5.698970004336019
0.161,55,1c,500000.0,no_additive,0.0,no_additive,0.0,100.0,200.0,15.0,53.152,1.7255196107713004,-0.7931741239681502,5.698970004336019
0.255,55,1c,500000.0,no_additive,0.0,no_additive,0.0,100.0,200.0,15.0,93.396,1.9703282764963959,-0.5934598195660449,5.698970004336019
0.403,55,1c,500000.0,no_additive,0.0,no_additive,0.0,100.0,200.0,15.0,143.638,2.1572693494266697,-0.39469495385889053,5.698970004336019
0.638,55,1c,500000.0,no_additive,0.0,no_additive,0.0,100.0,200.0,15.0,183.694,2.264094971170005,-0.19517932127883766,5.698970004336019
1.034,55,1c,500000.0,no_additive,0.0,no_additive,0.0,100.0,200.0,15.0,214.22,2.3308600149746397,0.014520538757923713,5.698970004336019
1.598,55,1c,500000.0,no_additive,0.0,no_additive,0.0,100.0,200.0,15.0,232.525,2.366469653046877,0.2035767749779726,5.698970004336019
2.499,55,1c,500000.0,no_additive,0.0,no_additive,0.0,100.0,200.0,15.0,244.751,2.388724474912743,0.39776625612645006,5.698970004336019
4.002,55,1c,500000.0,no_additive,0.0,no_additive,0.0,100.0,200.0,15.0,257.62,2.4109795758945696,0.6022770843001926,5.698970004336019
6.408,55,1c,500000.0,no_additive,0.0,no_additive,0.0,100.0,200.0,15.0,282.513,2.45103843692843,0.8067225030761813,5.698970004336019
10.024,55,1c,500000.0,no_additive,0.0,no_additive,0.0,100.0,200.0,15.0,297.368,2.4732942319359346,1.0010410579860936,5.698970004336019
16.052,55,1c,500000.0,no_additive,0.0,no_additive,0.0,100.0,200.0,15.0,313.003,2.4955485000934194,1.2055291510618011,5.698970004336019
25.404,55,1c,500000.0,no_additive,0.0,no_additive,0.0,100.0,200.0,15.0,322.777,2.5089025807930363,1.4049021040670369,5.698970004336019
40.206,55,1c,500000.0,no_additive,0.0,no_additive,0.0,100.0,200.0,15.0,326.102,2.5133534623640688,1.6042908683195585,5.698970004336019
62.888,55,1c,500000.0,no_additive,0.0,no_additive,0.0,100.0,200.0,15.0,306.653,2.486647217766615,1.798567783267658,5.698970004336019
100.0,55,1c,500000.0,no_additive,0.0,no_additive,0.0,100.0,200.0,15.0,297.368,2.4732942319359346,2.0,5.698970004336019
0.102,56,1b,293500.0,no_additive,0.0,no_additive,0.0,100.0,175.0,1.0,114.588,2.0591391393882903,-0.9913998282380825,5.467608105583634
0.16,56,1b,293500.0,no_additive,0.0,no_additive,0.0,100.0,175.0,1.0,78.068,1.8924730534508953,-0.7958800173440752,5.467608105583634
0.252,56,1b,293500.0,no_additive,0.0,no_additive,0.0,100.0,175.0,1.0,58.002,1.7634429689765319,-0.5985994592184559,5.467608105583634
0.396,56,1b,293500.0,no_additive,0.0,no_additive,0.0,100.0,175.0,1.0,42.563,1.629032231071028,-0.40230481407448765,5.467608105583634
0.634,56,1b,293500.0,no_additive,0.0,no_additive,0.0,100.0,175.0,1.0,31.234,1.4946276059620758,-0.1979107421182673,5.467608105583634
1.016,56,1b,293500.0,no_additive,0.0,no_additive,0.0,100.0,175.0,1.0,23.206,1.365600287908007,0.006893707947900456,5.467608105583634
1.597,56,1b,293500.0,no_additive,0.0,no_additive,0.0,100.0,175.0,1.0,20.002,1.3010734229408438,0.20330491613848292,5.467608105583634
2.581,56,1b,293500.0,no_additive,0.0,no_additive,0.0,100.0,175.0,1.0,15.233,1.1827854420846833,0.4117880045438689,5.467608105583634
4.058,56,1b,293500.0,no_additive,0.0,no_additive,0.0,100.0,175.0,1.0,12.041,1.0806625563941825,0.6083120426973272,5.467608105583634
6.62,56,1b,293500.0,no_additive,0.0,no_additive,0.0,100.0,175.0,1.0,10.125,1.0053950318867062,0.8208579894396999,5.467608105583634
10.313,56,1b,293500.0,no_additive,0.0,no_additive,0.0,100.0,175.0,1.0,8.62,0.9355072658247128,1.0133850177496855,5.467608105583634
16.065,56,1b,293500.0,no_additive,0.0,no_additive,0.0,100.0,175.0,1.0,7.338,0.8655777074199291,1.205880729887537,5.467608105583634
25.729,56,1b,293500.0,no_additive,0.0,no_additive,0.0,100.0,175.0,1.0,6.404,0.8064513232472621,1.4104229069673782,5.467608105583634
40.828,56,1b,293500.0,no_additive,0.0,no_additive,0.0,100.0,175.0,1.0,5.452,0.7365558471626359,1.610958106098902,5.467608105583634
65.39,56,1b,293500.0,no_additive,0.0,no_additive,0.0,100.0,175.0,1.0,4.758,0.6774244377012474,1.8155113373627643,5.467608105583634
100.0,56,1b,293500.0,no_additive,0.0,no_additive,0.0,100.0,175.0,1.0,4.309,0.6343764940883678,2.0,5.467608105583634
